,id,height,weight,age,position,jersey,salary,FLName,experience,Team,hand,GP,GS,MIN,FGM,FGA,FG%,3PTM,3PTA,3P%,FTM,FTA,FT%,OR,DR,REB,AST,BLK,STL,PF,TO,PTS
Jaylen Brown,3917376,78.0,223.0,24,SG,7,23735118.0,Jaylen Brown,4,Boston Celtics,,286.0,179.0,26.5,5.0,10.6,47.4,1.4,3.8,37.3,2.0,2.9,67.8,0.9,3.6,4.5,1.5,0.4,0.9,2.4,1.5,13.5
Carsen Edwards,4066407,71.0,200.0,22,PG,4,1517981.0,Carsen Edwards,1,Boston Celtics,,40.0,0.0,9.3,1.2,3.5,33.1,0.6,2.0,31.6,0.3,0.5,68.4,0.2,1.1,1.3,0.7,0.1,0.3,0.9,0.4,3.3
Tacko Fall,3904625,89.0,311.0,25,C,99,0.0,Tacko Fall,1,Boston Celtics,,8.0,0.0,4.9,1.4,1.9,73.3,0.0,0.0,0.0,0.4,0.6,60.0,0.3,1.8,2.0,0.1,0.8,0.1,0.9,0.4,3.1
Javonte Green,2596112,76.0,205.0,27,SG,43,1517981.0,Javonte Green,1,Boston Celtics,,50.0,2.0,9.9,1.3,2.7,50.0,0.2,0.7,27.8,0.6,0.8,66.7,0.5,1.4,2.0,0.5,0.2,0.5,0.9,0.5,3.4
Romeo Langford,4397008,76.0,216.0,21,SG,45,3631200.0,Romeo Langford,1,Boston Celtics,,32.0,2.0,11.6,0.9,2.5,35.0,0.2,0.8,18.5,0.6,0.8,72.0,0.5,0.8,1.3,0.4,0.3,0.3,1.0,0.3,2.5
Aaron Nesmith,4396909,78.0,215.0,21,SF,24,3458400.0,Aaron Nesmith,0,Boston Celtics,,2.0,0.0,14.5,1.5,4.5,33.3,1.0,3.5,28.6,0.0,0.0,0.0,0.5,1.0,1.5,0.5,0.5,0.0,1.5,1.0,4.0
Semi Ojeleye,3056602,78.0,240.0,26,PF,37,1752950.0,Semi Ojeleye,3,Boston Celtics,,204.0,9.0,13.9,1.1,2.8,39.4,0.6,1.7,34.2,0.4,0.6,68.1,0.4,1.5,2.0,0.4,0.1,0.3,1.1,0.3,3.2
Payton Pritchard,4066354,74.0,206.0,22,PG,11,2193480.0,Payton Pritchard,0,Boston Celtics,,7.0,0.0,21.9,2.7,5.3,51.4,0.9,2.1,40.0,0.3,0.4,66.7,0.0,2.0,2.0,2.4,0.3,1.6,1.9,1.9,6.6
Marcus Smart,2990992,75.0,220.0,26,PG,36,13446428.0,Marcus Smart,6,Boston Celtics,,408.0,190.0,29.0,3.3,8.8,37.3,1.5,4.6,32.0,1.9,2.4,77.4,0.9,2.7,3.5,4.1,0.4,1.6,2.6,1.7,9.9
Jayson Tatum,4065648,80.0,210.0,22,PF,0,9897120.0,Jayson Tatum,3,Boston Celtics,,232.0,232.0,31.9,6.4,14.0,45.7,1.9,4.6,40.1,2.9,3.5,82.8,0.8,5.2,6.0,2.3,0.8,1.2,2.1,1.8,17.6
Jeff Teague,4015,75.0,195.0,32,PG,55,1620564.0,Jeff Teague,11,Boston Celtics,,778.0,594.0,27.5,4.4,10.0,44.4,0.9,2.4,35.8,2.8,3.3,84.4,0.3,2.1,2.5,5.7,0.3,1.2,1.9,2.2,12.5
Daniel Theis,2451037,80.0,245.0,28,C,27,5000000.0,Daniel Theis,3,Boston Celtics,,201.0,76.0,17.7,2.7,4.8,55.4,0.4,1.2,33.3,1.0,1.4,74.9,1.6,3.1,4.8,1.2,0.9,0.5,2.8,0.8,6.7
Tristan Thompson,6474,81.0,254.0,29,C,13,9258000.0,Tristan Thompson,9,Boston Celtics,,625.0,435.0,28.0,3.8,7.3,51.8,0.0,0.1,28.1,1.8,3.0,61.1,3.4,5.3,8.7,1.0,0.7,0.5,2.3,1.2,9.4
Kemba Walker,6479,72.0,184.0,30,PG,8,34379100.0,Kemba Walker,9,Boston Celtics,,661.0,616.0,33.8,6.9,16.4,41.9,2.2,6.1,36.0,3.9,4.7,83.7,0.6,3.3,3.8,5.4,0.4,1.3,1.5,2.2,19.9
Tremont Waters,4278080,70.0,175.0,22,PG,51,0.0,Tremont Waters,1,Boston Celtics,,13.0,1.0,9.8,1.2,3.9,29.4,0.3,1.8,16.7,0.8,0.8,100.0,0.0,0.9,0.9,1.5,0.2,0.9,1.0,1.4,3.4
Grant Williams,4066218,78.0,236.0,22,PF,12,2498760.0,Grant Williams,1,Boston Celtics,,75.0,5.0,15.3,1.3,3.1,41.5,0.4,1.4,25.2,0.5,0.8,69.0,0.9,1.7,2.6,1.0,0.5,0.4,2.4,0.7,3.5
Jarrett Allen,4066328,83.0,248.0,22,C,31,3909902.0,Jarrett Allen,3,Brooklyn Nets,,229.0,175.0,24.2,3.9,6.4,61.0,0.0,0.3,16.7,2.2,3.2,69.8,2.5,5.4,7.9,1.2,1.4,0.5,2.2,1.2,10.1
Bruce Brown,4065670,76.0,202.0,24,SG,1,1663861.0,Bruce Brown,2,Brooklyn Nets,L,135.0,99.0,22.9,2.4,5.7,42.5,0.4,1.4,30.0,1.0,1.3,74.3,0.8,2.6,3.4,2.4,0.5,0.8,2.5,1.1,6.2
Chris Chiozza,3137795,71.0,176.0,25,PG,4,0.0,Chris Chiozza,2,Brooklyn Nets,,37.0,2.0,12.5,1.7,4.4,38.0,0.9,2.3,37.2,0.2,0.2,77.8,0.3,1.3,1.6,2.5,0.1,0.6,1.2,1.0,4.4
Nicolas Claxton,4278067,83.0,226.0,21,PF,33,1517981.0,Nicolas Claxton,1,Brooklyn Nets,,15.0,0.0,12.5,1.8,3.2,56.3,0.1,0.5,14.3,0.7,1.4,52.4,1.3,1.7,2.9,1.1,0.5,0.1,0.9,0.6,4.4
Spencer Dinwiddie,2580782,77.0,218.0,27,PG,26,11454048.0,Spencer Dinwiddie,6,Brooklyn Nets,,320.0,133.0,25.7,4.1,10.1,41.0,1.4,4.3,31.8,3.2,4.1,79.4,0.4,2.4,2.8,5.0,0.3,0.7,2.3,1.8,12.9
Kevin Durant,3202,82.0,225.0,32,SF,7,40108950.0,Kevin Durant,12,Brooklyn Nets,,855.0,855.0,36.9,9.2,18.7,49.3,1.9,4.9,38.1,6.8,7.7,88.3,0.7,6.3,7.1,4.1,1.1,1.1,1.9,3.1,27.0
Jeff Green,3209,80.0,240.0,34,PF,8,1620564.0,Jeff Green,12,Brooklyn Nets,,915.0,545.0,29.4,4.7,10.6,44.2,1.0,3.1,33.4,2.5,3.1,80.5,0.9,3.5,4.4,1.6,0.5,0.7,2.2,1.5,12.9
Joe Harris,2528794,78.0,220.0,29,SG,12,16071429.0,Joe Harris,6,Brooklyn Nets,,338.0,178.0,24.4,3.8,8.0,47.9,1.9,4.4,42.9,0.9,1.2,77.8,0.6,2.6,3.2,1.6,0.2,0.5,2.1,1.2,10.5
Kyrie Irving,6442,74.0,199.0,28,PG,11,31742000.0,Kyrie Irving,9,Brooklyn Nets,,534.0,534.0,33.8,8.2,17.7,46.6,2.1,5.5,39.0,3.8,4.4,87.8,0.8,2.9,3.7,5.7,0.4,1.3,2.2,2.6,22.5
Tyler Johnson,2530276,75.0,194.0,28,SG,10,1620564.0,Tyler Johnson,6,Brooklyn Nets,,312.0,75.0,25.5,3.7,8.7,42.9,1.2,3.4,36.0,1.7,2.2,77.6,0.6,2.6,3.1,2.4,0.4,0.9,1.9,1.1,10.4
DeAndre Jordan,3442,83.0,265.0,32,C,6,10375678.0,DeAndre Jordan,12,Brooklyn Nets,,882.0,720.0,27.7,3.8,5.7,67.0,0.0,0.0,9.1,1.9,3.9,47.4,3.2,7.6,10.8,0.9,1.6,0.6,2.6,1.4,9.4
Rodions Kurucs,4230548,81.0,230.0,22,SF,00,1780152.0,Rodions Kurucs,2,Brooklyn Nets,,113.0,55.0,17.6,2.5,5.6,44.8,0.8,2.4,33.3,0.8,1.2,73.8,0.7,2.7,3.4,0.9,0.3,0.6,2.1,1.1,6.7
Caris LeVert,2991043,78.0,205.0,26,SG,22,16203704.0,Caris LeVert,4,Brooklyn Nets,,220.0,93.0,25.8,4.8,11.1,43.1,1.3,3.8,33.6,2.0,2.8,71.1,0.8,3.0,3.7,3.7,0.3,1.1,1.9,1.9,12.8
Reggie Perry,4396959,80.0,250.0,20,PF,14,0.0,Reggie Perry,0,Brooklyn Nets,,3.0,0.0,4.3,0.3,1.7,20.0,0.0,0.7,0.0,0.0,0.0,0.0,0.3,0.7,1.0,1.0,0.0,0.0,0.0,0.0,0.7
Taurean Prince,2990962,79.0,218.0,26,PF,2,12250000.0,Taurean Prince,4,Brooklyn Nets,R,267.0,201.0,26.1,4.0,9.8,41.2,1.8,5.0,36.7,1.5,1.9,81.8,0.6,3.7,4.3,1.9,0.4,0.9,2.2,1.8,11.4
Landry Shamet,3914044,76.0,195.0,23,SG,13,2090040.0,Landry Shamet,2,Brooklyn Nets,,139.0,57.0,24.3,2.9,7.0,41.7,2.0,5.1,39.6,1.1,1.3,83.1,0.2,1.5,1.7,1.6,0.2,0.5,2.2,0.7,8.9
RJ Barrett,4395625,79.0,210.0,20,SG,9,8231760.0,RJ Barrett,1,New York Knicks,,62.0,61.0,31.2,5.3,13.3,39.9,1.1,3.6,31.0,2.9,4.6,63.3,0.9,4.3,5.2,2.6,0.3,1.0,2.2,2.2,14.6
Ignas Brazdeikis,4397205,79.0,214.0,21,SF,17,1517981.0,Ignas Brazdeikis,1,New York Knicks,,11.0,0.0,5.0,0.5,2.1,26.1,0.1,0.8,11.1,0.5,0.6,85.7,0.3,0.4,0.6,0.4,0.1,0.0,0.3,0.2,1.7
Reggie Bullock,2528779,79.0,189.0,29,SF,25,4200000.0,Reggie Bullock,7,New York Knicks,,307.0,144.0,19.9,2.6,6.0,42.7,1.3,3.5,38.3,0.5,0.7,82.0,0.3,1.8,2.1,1.1,0.1,0.5,1.1,0.6,7.0
Alec Burks,6429,78.0,220.0,29,SG,18,6000000.0,Alec Burks,9,New York Knicks,,498.0,86.0,21.9,3.5,8.3,42.3,0.8,2.3,36.8,2.5,3.1,79.3,0.6,2.6,3.2,1.9,0.2,0.7,1.8,1.3,10.3
Jared Harper,4066248,72.0,172.0,23,PG,0,0.0,Jared Harper,1,New York Knicks,,5.0,0.0,2.6,0.2,1.0,20.0,0.0,0.4,0.0,0.4,0.4,100.0,0.0,0.0,0.0,0.0,0.0,0.0,0.0,0.4,0.8
Nerlens Noel,2991280,83.0,201.0,26,C,3,5000000.0,Nerlens Noel,6,New York Knicks,B,367.0,167.0,22.0,3.3,6.0,54.3,0.0,0.0,28.6,1.4,2.1,64.8,1.9,4.3,6.2,1.2,1.4,1.3,2.5,1.4,7.9
Frank Ntilikina,4230547,77.0,197.0,22,PG,11,6176578.0,Frank Ntilikina,3,New York Knicks,,182.0,51.0,21.1,2.3,6.2,36.7,0.7,2.3,31.6,0.7,0.9,77.5,0.4,1.7,2.1,3.0,0.3,0.8,2.4,1.4,6.0
Elfrid Payton,2583639,76.0,201.0,26,PG,6,5000000.0,Elfrid Payton,6,New York Knicks,,393.0,337.0,29.3,4.5,10.0,45.3,0.4,1.4,29.3,1.5,2.4,62.2,1.1,3.3,4.4,6.6,0.3,1.3,2.2,2.4,11.0
Theo Pinson,3138154,78.0,210.0,25,SG,21,1445697.0,Theo Pinson,2,New York Knicks,,55.0,0.0,10.6,1.3,4.2,30.3,0.5,2.3,20.9,0.6,0.7,89.5,0.3,1.4,1.7,1.4,0.1,0.4,0.9,0.9,3.7
Immanuel Quickley,4395724,75.0,181.0,21,SG,5,2105520.0,Immanuel Quickley,0,New York Knicks,,2.0,0.0,13.5,2.0,3.5,57.1,0.5,1.5,33.3,2.5,2.5,100.0,0.0,1.0,1.0,1.5,0.0,0.5,1.5,1.5,7.0
Julius Randle,3064514,81.0,254.0,26,PF,30,18900000.0,Julius Randle,6,New York Knicks,,381.0,301.0,29.3,6.1,12.3,49.3,0.5,1.6,30.2,3.5,4.9,72.5,2.2,6.9,9.0,2.9,0.5,0.7,3.2,2.5,16.2
Austin Rivers,6617,76.0,204.0,28,PG,8,3500000.0,Austin Rivers,8,New York Knicks,,554.0,149.0,24.5,3.4,8.1,41.8,1.1,3.2,34.9,1.3,1.9,64.4,0.3,1.8,2.1,2.3,0.2,0.7,2.2,1.1,9.2
Mitchell Robinson,4351852,84.0,252.0,22,C,23,1663861.0,Mitchell Robinson,2,New York Knicks,,133.0,32.0,22.1,3.6,5.0,71.4,0.0,0.0,0.0,1.3,2.2,58.3,2.9,3.9,6.8,0.6,2.2,0.8,3.2,0.6,8.5
Omari Spellman,4065836,81.0,284.0,23,PF,2,1988280.0,Omari Spellman,2,New York Knicks,R,95.0,14.0,17.8,2.4,5.7,41.7,0.9,2.5,36.6,1.1,1.4,76.6,1.6,2.8,4.3,1.0,0.5,0.6,1.4,0.9,6.8
Obi Toppin,4278355,81.0,212.0,22,PF,1,4862040.0,Obi Toppin,0,New York Knicks,L,1.0,0.0,24.0,3.0,12.0,25.0,3.0,7.0,42.9,0.0,0.0,0.0,0.0,3.0,3.0,1.0,2.0,0.0,0.0,0.0,9.0
Tony Bradley,4065673,82.0,260.0,22,C,11,3542060.0,Tony Bradley,3,Philadelphia 76ers,,71.0,3.0,10.5,2.0,3.1,62.3,0.0,0.1,75.0,0.5,0.7,64.7,1.8,2.4,4.2,0.4,0.5,0.2,1.7,0.5,4.4
Seth Curry,2326307,73.0,192.0,30,SG,31,7834449.0,Seth Curry,6,Philadelphia 76ers,,262.0,84.0,22.5,3.7,7.7,47.8,1.8,4.0,44.5,1.0,1.2,84.6,0.3,1.6,2.0,1.8,0.1,0.7,1.5,1.0,10.2
Joel Embiid,3059318,84.0,280.0,26,C,21,29542010.0,Joel Embiid,4,Philadelphia 76ers,,214.0,214.0,30.5,8.0,16.6,48.1,1.1,3.6,32.0,6.8,8.6,79.3,2.4,9.1,11.5,3.1,1.8,0.8,3.4,3.5,24.0
Terrance Ferguson,4230546,79.0,195.0,22,SF,23,3944013.0,Terrance Ferguson,3,Philadelphia 76ers,,193.0,124.0,20.5,1.7,4.3,40.5,1.0,3.0,33.6,0.3,0.4,75.3,0.4,1.0,1.4,0.7,0.2,0.5,2.4,0.5,4.8
Danny Green,3988,78.0,210.0,33,SG,14,15365853.0,Danny Green,11,Philadelphia 76ers,,694.0,618.0,25.3,3.1,7.4,42.3,1.9,4.7,39.9,0.7,0.9,80.7,0.6,2.9,3.5,1.6,0.8,1.0,1.8,1.0,8.9
Tobias Harris,6440,80.0,228.0,28,SF,12,34358850.0,Tobias Harris,9,Philadelphia 76ers,,624.0,504.0,30.9,6.1,12.9,47.1,1.3,3.6,36.6,2.5,3.0,82.1,1.0,5.1,6.1,2.0,0.5,0.7,2.0,1.4,16.0
Dwight Howard,2384,81.0,260.0,35,C,39,1620564.0,Dwight Howard,16,Philadelphia 76ers,,1119.0,1046.0,33.4,6.0,10.3,58.7,0.0,0.1,14.5,4.6,8.1,56.5,3.4,8.8,12.3,1.4,1.9,0.9,3.2,2.8,16.7
Isaiah Joe,4395702,76.0,167.0,21,SG,7,898310.0,Isaiah Joe,0,Philadelphia 76ers,,2.0,0.0,7.0,0.5,1.5,33.3,0.0,1.0,0.0,0.0,0.0,0.0,0.0,1.5,1.5,0.5,0.0,0.5,1.0,0.5,1.0
Furkan Korkmaz,3929325,79.0,210.0,23,SG,30,1762796.0,Furkan Korkmaz,3,Philadelphia 76ers,,137.0,19.0,17.3,2.6,6.3,41.2,1.5,3.9,37.3,0.9,1.1,77.0,0.3,1.9,2.1,1.0,0.2,0.5,1.3,0.7,7.5
Dakota Mathias,3136991,75.0,197.0,25,SG,33,0.0,Dakota Mathias,0,Philadelphia 76ers,,2.0,0.0,6.5,1.5,4.5,33.3,1.0,3.0,33.3,0.0,0.0,0.0,0.0,1.0,1.0,1.0,0.0,0.0,0.0,0.0,4.0
Tyrese Maxey,4431678,74.0,191.0,20,PG,0,2478840.0,Tyrese Maxey,0,Philadelphia 76ers,,6.0,0.0,14.7,2.7,6.3,42.1,0.2,1.2,14.3,0.0,0.0,0.0,0.2,1.2,1.3,1.5,0.0,0.5,0.7,0.8,5.5
Shake Milton,3915195,77.0,210.0,24,SG,18,1701593.0,Shake Milton,2,Philadelphia 76ers,,66.0,24.0,18.5,3.0,6.5,45.7,1.2,3.1,38.8,1.0,1.3,77.3,0.4,1.7,2.0,2.1,0.3,0.5,2.0,0.9,8.2
Vincent Poirier,4237215,85.0,260.0,27,C,17,2619207.0,Vincent Poirier,1,Philadelphia 76ers,,23.0,0.0,6.0,0.8,1.7,47.4,0.0,0.1,50.0,0.3,0.3,85.7,0.6,1.3,2.0,0.3,0.4,0.1,1.1,0.4,1.9
Paul Reed,4278562,80.0,218.0,21,SF,44,0.0,Paul Reed,0,Philadelphia 76ers,,,,,,,,,,,,,,,,,,,,,,
Mike Scott,6622,79.0,237.0,32,PF,1,5005350.0,Mike Scott,8,Philadelphia 76ers,L,509.0,22.0,16.5,2.7,5.9,45.8,0.9,2.4,36.3,0.7,1.0,75.9,0.7,2.5,3.2,0.9,0.1,0.3,1.5,0.7,7.0
Ben Simmons,3907387,82.0,240.0,24,PG,25,30559200.0,Ben Simmons,3,Philadelphia 76ers,,223.0,223.0,34.3,6.7,11.9,55.9,0.0,0.1,12.0,2.9,4.9,59.4,2.0,6.4,8.3,7.9,0.8,1.7,2.8,3.5,16.3
Matisse Thybulle,3907498,77.0,202.0,23,SG,22,2711280.0,Matisse Thybulle,1,Philadelphia 76ers,,71.0,14.0,19.0,1.6,3.9,41.9,0.8,2.3,35.5,0.4,0.6,61.9,0.6,1.0,1.6,1.1,0.7,1.4,2.1,0.7,4.5
OG Anunoby,3934719,80.0,232.0,23,SF,3,3872215.0,OG Anunoby,3,Toronto Raptors,B,215.0,141.0,23.6,3.0,6.3,47.8,1.1,3.1,36.0,0.7,1.1,65.7,0.9,2.7,3.6,1.0,0.4,1.0,2.1,0.9,7.9
Aron Baynes,2968439,82.0,260.0,34,C,46,7000000.0,Aron Baynes,8,Toronto Raptors,,474.0,142.0,15.8,2.4,4.8,49.5,0.2,0.6,32.0,1.0,1.3,80.0,1.5,3.0,4.5,0.8,0.5,0.2,2.2,0.9,6.0
Chris Boucher,3948153,82.0,200.0,27,PF,25,6750000.0,Chris Boucher,3,Toronto Raptors,,96.0,0.0,11.3,2.1,4.4,47.4,0.6,1.8,32.4,1.2,1.5,78.9,1.4,2.4,3.8,0.3,1.0,0.3,1.7,0.4,5.9
Terence Davis,3919454,76.0,205.0,23,SG,0,1517981.0,Terence Davis,1,Toronto Raptors,,75.0,4.0,16.4,2.7,5.9,45.8,1.3,3.3,38.9,0.7,0.8,86.4,0.7,2.6,3.2,1.5,0.2,0.5,1.7,1.1,7.4
Malachi Flynn,4066668,73.0,185.0,22,PG,8,1950600.0,Malachi Flynn,0,Toronto Raptors,,2.0,0.0,2.0,0.0,1.0,0.0,0.0,1.0,0.0,0.0,0.0,0.0,0.0,0.0,0.0,0.0,0.0,0.0,0.0,0.0,0.0
Jalen Harris,4066998,77.0,195.0,22,SG,2,0.0,Jalen Harris,0,Toronto Raptors,R,,,,,,,,,,,,,,,,,,,,,
Stanley Johnson,3134881,79.0,245.0,24,SF,5,3804150.0,Stanley Johnson,5,Toronto Raptors,,314.0,64.0,20.2,2.4,6.5,37.4,0.8,2.7,29.3,0.9,1.2,75.5,0.5,2.7,3.2,1.4,0.2,0.9,1.9,1.1,6.5
Alex Len,2596107,84.0,250.0,27,C,27,2258000.0,Alex Len,7,Toronto Raptors,,470.0,183.0,19.6,3.0,6.1,49.5,0.2,0.6,33.9,1.7,2.4,69.0,2.0,4.2,6.2,0.8,1.0,0.4,2.6,1.2,7.9
Kyle Lowry,3012,73.0,196.0,34,PG,7,30500000.0,Kyle Lowry,14,Toronto Raptors,,919.0,683.0,31.6,4.7,11.2,42.3,1.9,5.1,36.6,3.5,4.3,81.0,0.8,3.5,4.3,6.2,0.3,1.4,2.7,2.3,14.8
Patrick McCaw,3137730,79.0,185.0,25,SF,22,4000000.0,Patrick McCaw,4,Toronto Raptors,,194.0,43.0,17.2,1.5,3.6,41.9,0.5,1.6,30.5,0.4,0.5,77.9,0.3,1.3,1.6,1.4,0.2,0.7,1.2,0.6,3.9
Norman Powell,2595516,76.0,215.0,27,SG,24,10865952.0,Norman Powell,5,Toronto Raptors,,312.0,90.0,18.8,3.1,6.9,45.4,1.1,2.9,36.2,1.3,1.6,82.0,0.3,2.0,2.4,1.3,0.2,0.7,1.6,1.0,8.6
Pascal Siakam,3149673,81.0,230.0,26,PF,43,30559200.0,Pascal Siakam,4,Toronto Raptors,,280.0,186.0,26.2,5.0,10.1,49.7,0.9,2.7,33.2,2.0,2.6,76.5,1.2,4.4,5.6,2.3,0.7,0.8,2.5,1.5,12.9
Matt Thomas,3059311,76.0,190.0,26,SG,21,1517981.0,Matt Thomas,1,Toronto Raptors,,44.0,1.0,11.1,1.8,3.8,47.9,1.2,2.5,47.7,0.2,0.3,76.9,0.2,1.3,1.5,0.6,0.0,0.3,0.9,0.4,5.1
Fred VanVleet,2991230,72.0,195.0,26,SG,23,21250000.0,Fred VanVleet,4,Toronto Raptors,,236.0,87.0,24.1,3.7,9.0,41.1,1.7,4.3,39.0,1.6,1.9,84.2,0.3,2.3,2.6,4.1,0.3,1.1,1.8,1.3,10.6
Yuta Watanabe,3133838,81.0,205.0,26,SF,18,0.0,Yuta Watanabe,2,Toronto Raptors,,34.0,0.0,8.5,0.9,2.6,34.5,0.1,0.7,20.0,0.3,0.5,55.6,0.4,1.3,1.6,0.4,0.1,0.3,0.6,0.2,2.2
Paul Watson,3058030,78.0,210.0,26,SG,1,1445697.0,Paul Watson,1,Toronto Raptors,L,11.0,0.0,8.2,0.9,2.5,37.0,0.4,1.2,30.8,0.6,0.8,77.8,0.2,1.5,1.6,0.7,0.1,0.4,0.5,0.3,2.8
Ryan Arcidiacono,2991047,75.0,200.0,26,PG,51,3000000.0,Ryan Arcidiacono,3,Chicago Bulls,,165.0,36.0,19.5,1.8,4.2,43.2,0.9,2.4,37.1,0.8,0.9,83.2,0.3,1.9,2.2,2.4,0.0,0.6,1.7,0.7,5.2
Devon Dotson,4397016,74.0,185.0,21,PG,3,0.0,Devon Dotson,0,Chicago Bulls,B,1.0,0.0,10.0,2.0,4.0,50.0,0.0,0.0,0.0,0.0,0.0,0.0,0.0,1.0,1.0,0.0,0.0,0.0,1.0,0.0,4.0
Cristiano Felicio,3113587,82.0,289.0,28,PF,6,7529020.0,Cristiano Felicio,5,Chicago Bulls,,235.0,20.0,14.8,1.8,3.2,57.1,0.0,0.1,0.0,0.9,1.3,67.4,1.6,2.5,4.1,0.7,0.2,0.3,1.5,0.6,4.5
Daniel Gafford,4278049,83.0,246.0,22,PF,12,1517981.0,Daniel Gafford,1,Chicago Bulls,,49.0,7.0,14.3,2.2,3.2,70.3,0.0,0.0,0.0,0.9,1.6,56.3,1.2,1.3,2.5,0.5,1.2,0.3,2.2,0.6,5.4
Chandler Hutchison,3149010,79.0,208.0,24,SF,15,2443440.0,Chandler Hutchison,2,Chicago Bulls,,76.0,24.0,19.4,2.4,5.3,45.3,0.4,1.2,29.7,0.9,1.6,60.2,0.7,3.4,4.1,0.8,0.2,0.7,1.5,0.7,6.1
Luke Kornet,3064560,86.0,250.0,25,PF,2,2250000.0,Luke Kornet,3,Chicago Bulls,R,103.0,33.0,16.3,2.3,5.8,39.9,1.3,3.7,33.8,0.7,0.8,78.2,0.6,2.2,2.8,1.1,0.8,0.4,1.2,0.5,6.5
Zach LaVine,3064440,77.0,202.0,25,SG,8,19500000.0,Zach LaVine,6,Chicago Bulls,,360.0,273.0,30.8,6.4,14.3,44.7,1.8,4.9,37.3,3.1,3.8,82.1,0.5,3.2,3.6,3.6,0.3,1.0,2.2,2.6,17.8
Lauri Markkanen,4066336,84.0,238.0,23,F,24,6731508.0,Lauri Markkanen,3,Chicago Bulls,,174.0,173.0,30.5,5.7,13.2,43.2,2.2,6.2,35.9,2.6,3.1,84.6,1.2,6.3,7.6,1.3,0.6,0.7,1.9,1.5,16.2
Adam Mokoka,4349241,77.0,215.0,22,SG,20,0.0,Adam Mokoka,1,Chicago Bulls,,14.0,0.0,10.3,1.1,2.8,41.0,0.4,1.5,28.6,0.1,0.3,50.0,0.6,0.4,0.9,0.5,0.1,0.4,1.6,0.2,2.9
Tomas Satoransky,6621,79.0,212.0,29,SG,31,10000000.0,Tomas Satoransky,4,Chicago Bulls,,278.0,151.0,23.3,2.7,5.9,46.9,0.7,1.8,36.8,1.2,1.5,81.8,0.9,2.2,3.1,4.1,0.2,0.9,1.8,1.4,7.4
Garrett Temple,4023,77.0,195.0,34,SG,17,4767000.0,Garrett Temple,10,Chicago Bulls,,582.0,246.0,21.1,2.3,5.6,40.2,1.0,2.8,34.6,0.9,1.2,73.8,0.4,1.9,2.3,1.7,0.3,0.8,1.9,0.9,6.3
Denzel Valentine,2999549,77.0,218.0,27,SG,45,4642800.0,Denzel Valentine,3,Chicago Bulls,,174.0,42.0,20.8,2.9,7.3,40.4,1.6,4.2,37.1,0.3,0.5,75.9,0.4,3.2,3.6,2.0,0.1,0.7,1.9,1.0,7.8
Coby White,4395651,77.0,191.0,20,PG,0,5572680.0,Coby White,1,Chicago Bulls,,72.0,8.0,26.4,4.8,12.3,39.1,2.1,5.9,35.6,1.7,2.1,80.1,0.4,3.2,3.7,3.0,0.1,0.7,1.8,1.8,13.5
Patrick Williams,4431687,80.0,227.0,19,SF,9,7068360.0,Patrick Williams,0,Chicago Bulls,,7.0,7.0,24.9,3.6,8.0,44.6,0.7,1.9,38.5,1.7,2.1,80.0,0.4,2.9,3.3,1.0,1.1,0.6,2.1,1.7,9.6
Thaddeus Young,3244,80.0,232.0,32,PF,21,13545000.0,Thaddeus Young,13,Chicago Bulls,,968.0,687.0,30.3,5.7,11.3,49.8,0.5,1.5,33.3,1.3,2.0,67.0,2.0,3.9,5.9,1.7,0.4,1.5,2.2,1.5,13.2
Marques Bolden,4065652,83.0,250.0,22,C,24,0.0,Marques Bolden,1,Cleveland Cavaliers,,4.0,0.0,2.8,0.3,0.3,100.0,0.0,0.0,0.0,0.8,1.5,50.0,0.0,0.8,0.8,0.0,0.0,0.3,0.3,0.0,1.3
Matthew Dellavedova,2489716,75.0,204.0,30,PG,18,1620564.0,Matthew Dellavedova,7,Cleveland Cavaliers,,434.0,92.0,20.4,2.0,5.1,38.9,0.9,2.5,36.8,0.7,0.8,83.8,0.4,1.4,1.8,3.7,0.0,0.5,1.9,1.3,5.6
Damyean Dotson,2991149,77.0,205.0,26,SG,21,2000000.0,Damyean Dotson,3,Cleveland Cavaliers,,170.0,42.0,20.0,2.9,6.9,42.0,1.2,3.4,36.1,0.7,0.9,72.1,0.3,2.3,2.6,1.3,0.1,0.6,1.3,0.7,7.7
Andre Drummond,6585,83.0,279.0,27,C,3,28751775.0,Andre Drummond,8,Cleveland Cavaliers,B,605.0,554.0,31.0,6.1,11.3,54.1,0.0,0.2,14.0,2.2,4.8,46.2,4.8,9.1,13.8,1.3,1.6,1.4,3.2,2.0,14.5
Dante Exum,3102528,77.0,214.0,25,PG,1,9600000.0,Dante Exum,5,Cleveland Cavaliers,L,244.0,71.0,18.6,2.1,5.1,40.7,0.7,2.2,30.5,0.8,1.1,76.4,0.4,1.4,1.8,2.1,0.2,0.4,1.8,1.3,5.7
Darius Garland,4396907,73.0,192.0,20,PG,10,6720720.0,Darius Garland,1,Cleveland Cavaliers,,65.0,65.0,31.4,4.9,12.1,40.7,1.8,5.0,36.6,1.1,1.2,87.7,0.5,1.6,2.0,4.1,0.1,0.8,1.7,2.6,12.8
Kevin Love,3449,80.0,247.0,32,PF,0,31258256.0,Kevin Love,12,Cleveland Cavaliers,,715.0,632.0,32.0,6.0,13.6,44.2,1.7,4.6,37.0,4.5,5.4,82.8,2.8,8.4,11.1,2.4,0.5,0.7,2.1,2.0,18.2
Thon Maker,4017843,84.0,221.0,23,C,14,1620564.0,Thon Maker,4,Cleveland Cavaliers,,258.0,65.0,13.8,1.6,3.7,43.5,0.5,1.5,32.9,0.9,1.3,67.6,0.8,1.9,2.8,0.6,0.7,0.4,1.8,0.5,4.6
JaVale McGee,3452,84.0,270.0,32,C,6,4200000.0,JaVale McGee,12,Cleveland Cavaliers,,707.0,317.0,17.3,3.4,5.9,57.4,0.0,0.1,20.5,1.1,1.9,59.0,1.9,3.3,5.2,0.4,1.5,0.4,2.2,1.0,7.9
Isaac Okoro,4432822,77.0,225.0,19,SG,35,6400920.0,Isaac Okoro,0,Cleveland Cavaliers,,2.0,2.0,37.5,2.0,4.5,44.4,0.5,2.5,20.0,1.0,1.0,100.0,0.0,3.0,3.0,2.5,0.0,0.5,2.5,2.0,5.5
Cedi Osman,3893016,79.0,230.0,25,SF,16,8840580.0,Cedi Osman,3,Cleveland Cavaliers,,208.0,153.0,24.8,3.6,8.2,43.5,1.4,3.9,36.4,1.1,1.6,71.5,0.5,3.0,3.5,1.9,0.1,0.7,2.1,1.2,9.7
Collin Sexton,4277811,73.0,192.0,21,PG,2,4991880.0,Collin Sexton,2,Cleveland Cavaliers,R,153.0,143.0,32.5,7.1,15.7,45.5,1.5,3.7,39.8,3.0,3.6,84.1,0.8,2.2,3.0,3.0,0.1,0.8,2.3,2.3,18.8
Lamar Stevens,4066405,80.0,225.0,23,PF,8,0.0,Lamar Stevens,0,Cleveland Cavaliers,,2.0,0.0,3.5,0.0,0.5,0.0,0.0,0.0,0.0,1.0,1.0,100.0,0.0,1.0,1.0,0.0,0.0,0.0,0.0,0.0,1.0
Dean Wade,3912848,81.0,219.0,24,PF,32,1517981.0,Dean Wade,1,Cleveland Cavaliers,,17.0,0.0,7.0,0.8,1.4,56.5,0.2,0.6,36.4,0.0,0.1,0.0,0.2,1.2,1.4,0.3,0.3,0.4,0.9,0.4,1.8
Dylan Windler,3906786,78.0,199.0,24,SG,9,2137440.0,Dylan Windler,0,Cleveland Cavaliers,,1.0,0.0,9.0,1.0,5.0,20.0,1.0,4.0,25.0,0.0,0.0,0.0,0.0,0.0,0.0,0.0,0.0,2.0,0.0,1.0,3.0
Saddiq Bey,4397136,80.0,215.0,21,SG,41,2689920.0,Saddiq Bey,0,Detroit Pistons,,5.0,2.0,20.2,2.6,7.8,33.3,2.4,5.0,48.0,1.2,2.0,60.0,0.4,4.0,4.4,0.8,0.0,0.6,1.6,0.6,8.8
Sekou Doumbouya,4423314,80.0,230.0,20,SF,45,3449400.0,Sekou Doumbouya,1,Detroit Pistons,,44.0,19.0,18.7,2.3,6.0,38.5,0.7,2.4,29.2,0.8,1.2,68.6,0.6,2.5,3.1,0.5,0.2,0.5,1.9,0.8,6.1
Wayne Ellington,3981,76.0,207.0,33,SG,8,1620564.0,Wayne Ellington,11,Detroit Pistons,,682.0,166.0,21.0,2.9,7.1,40.8,1.5,4.0,37.8,0.7,0.8,84.6,0.3,1.9,2.2,1.1,0.1,0.5,1.2,0.7,8.0
Jerami Grant,2991070,80.0,210.0,26,PF,9,19050000.0,Jerami Grant,6,Detroit Pistons,,460.0,175.0,24.7,3.3,7.2,46.4,0.8,2.4,34.6,2.0,2.9,67.3,0.9,2.9,3.9,1.1,1.1,0.6,2.3,0.9,9.5
Blake Griffin,3989,82.0,250.0,31,PF,23,36810996.0,Blake Griffin,10,Detroit Pistons,,626.0,626.0,34.8,8.1,16.3,49.8,0.7,2.0,33.4,4.8,6.9,69.4,2.1,6.7,8.8,4.4,0.5,0.9,2.8,2.6,21.6
Killian Hayes,4683024,77.0,216.0,19,PG,7,5307120.0,Killian Hayes,0,Detroit Pistons,,6.0,6.0,22.3,1.7,6.5,25.6,0.7,2.8,23.5,0.2,0.3,50.0,0.2,1.2,1.3,4.0,0.0,0.3,2.3,2.3,4.2
Frank Jackson,4065651,75.0,205.0,22,PG,5,,Frank Jackson,2,Detroit Pistons,,120.0,18.0,16.4,2.7,6.5,42.2,0.8,2.6,31.9,0.9,1.2,74.3,0.4,1.4,1.8,1.1,0.1,0.4,1.4,0.8,7.2
Josh Jackson,4066297,80.0,207.0,23,SF,20,4767000.0,Josh Jackson,3,Detroit Pistons,,184.0,68.0,24.3,4.6,10.9,42.0,0.9,3.0,29.8,2.0,3.0,65.5,1.0,3.3,4.3,1.9,0.6,1.0,2.6,1.9,12.0
Saben Lee,4278124,74.0,183.0,21,PG,38,0.0,Saben Lee,0,Detroit Pistons,,,,,,,,,,,,,,,,,,,,,,
Rodney McGruder,2488826,76.0,205.0,29,SG,17,5192307.0,Rodney McGruder,4,Detroit Pistons,,218.0,116.0,21.5,2.2,5.4,41.2,0.9,2.6,33.6,0.5,0.8,64.3,0.9,2.2,3.1,1.3,0.2,0.5,1.6,0.7,5.9
Svi Mykhailiuk,3133602,80.0,205.0,23,SG,19,1663861.0,Svi Mykhailiuk,2,Detroit Pistons,,104.0,27.0,17.3,2.2,5.6,38.8,1.5,3.9,37.7,0.7,0.9,78.4,0.3,1.2,1.5,1.4,0.0,0.6,1.1,0.8,6.6
Jahlil Okafor,3135048,83.0,275.0,25,C,13,1882867.0,Jahlil Okafor,5,Detroit Pistons,,223.0,114.0,20.3,4.7,8.6,53.9,0.0,0.1,22.2,1.6,2.4,67.5,1.6,3.4,5.0,1.0,0.9,0.3,2.2,1.5,10.9
Mason Plumlee,2488653,83.0,254.0,30,C,24,8000000.0,Mason Plumlee,7,Detroit Pistons,,538.0,263.0,21.7,3.3,5.7,57.5,0.0,0.1,5.9,1.8,3.2,56.4,2.0,4.3,6.2,2.2,0.9,0.8,2.7,1.5,8.3
Derrick Rose,3456,75.0,200.0,32,PG,25,7682927.0,Derrick Rose,11,Detroit Pistons,,601.0,504.0,32.5,7.3,16.1,45.6,0.8,2.6,30.4,3.3,4.0,82.6,0.8,2.6,3.4,5.6,0.3,0.8,1.3,2.7,18.7
Deividas Sirvydis,4423883,80.0,190.0,20,SG,91,898310.0,Deividas Sirvydis,0,Detroit Pistons,,,,,,,,,,,,,,,,,,,,,,
Isaiah Stewart,4432810,81.0,250.0,19,C,28,3121080.0,Isaiah Stewart,0,Detroit Pistons,,4.0,0.0,17.8,2.0,4.3,47.1,0.0,0.0,0.0,0.5,0.8,66.7,3.5,2.3,5.8,0.8,1.0,0.0,2.8,0.5,4.5
Delon Wright,3064447,77.0,185.0,28,PG,55,9000000.0,Delon Wright,5,Detroit Pistons,,277.0,25.0,20.0,2.6,5.9,45.0,0.6,1.8,34.5,1.4,1.7,79.2,0.8,2.3,3.1,2.9,0.4,1.0,1.2,1.0,7.3
Goga Bitadze,4348700,83.0,245.0,21,C,88,2957520.0,Goga Bitadze,1,Indiana Pacers,,54.0,2.0,8.7,1.3,2.8,46.7,0.1,0.8,19.0,0.4,0.6,72.7,0.5,1.5,2.0,0.4,0.7,0.2,1.2,0.5,3.2
Malcolm Brogdon,2566769,77.0,229.0,28,PG,7,20700000.0,Malcolm Brogdon,4,Indiana Pacers,,247.0,172.0,28.9,5.2,11.0,47.3,1.4,3.5,38.8,2.0,2.3,89.4,0.7,3.1,3.8,4.4,0.2,0.9,1.9,1.7,13.8
Aaron Holiday,3922230,73.0,185.0,24,PG,3,2345640.0,Aaron Holiday,2,Indiana Pacers,B,122.0,36.0,19.5,2.9,7.1,40.9,1.1,3.0,36.8,1.0,1.1,83.5,0.2,1.7,1.9,2.6,0.3,0.7,1.7,1.1,7.8
Justin Holiday,2284101,78.0,181.0,31,SG,8,5720000.0,Justin Holiday,7,Indiana Pacers,,436.0,168.0,23.1,2.9,7.2,39.8,1.5,4.1,36.0,1.0,1.2,82.5,0.4,2.5,2.9,1.4,0.4,1.0,1.6,0.9,8.2
Jeremy Lamb,6603,77.0,185.0,28,SG,26,10500000.0,Jeremy Lamb,8,Indiana Pacers,,481.0,128.0,21.2,3.9,8.8,44.4,1.0,3.0,33.9,1.6,1.9,85.1,0.5,3.2,3.7,1.6,0.4,0.7,1.6,0.8,10.5
Jalen Lecque,4423887,75.0,185.0,20,PG,0,1517981.0,Jalen Lecque,1,Indiana Pacers,,7.0,0.0,5.1,0.7,1.7,41.7,0.0,0.6,0.0,0.4,0.4,100.0,0.1,0.6,0.7,0.4,0.0,0.0,0.4,0.3,1.9
Kelan Martin,3133596,77.0,230.0,25,SG,21,1445697.0,Kelan Martin,1,Indiana Pacers,,34.0,4.0,15.1,2.1,5.6,38.1,0.7,2.9,25.3,0.9,0.9,96.8,0.4,2.5,2.9,0.7,0.3,0.3,1.6,0.6,5.9
Doug McDermott,2528588,80.0,225.0,28,SF,20,7333333.0,Doug McDermott,6,Indiana Pacers,,416.0,14.0,20.0,3.1,6.7,46.4,1.2,3.0,40.9,0.8,1.0,81.9,0.4,1.9,2.2,0.8,0.1,0.2,1.4,0.6,8.3
Victor Oladipo,2527963,76.0,210.0,28,SG,4,21000000.0,Victor Oladipo,7,Indiana Pacers,,426.0,366.0,33.0,6.4,14.5,44.1,1.6,4.4,35.1,3.0,3.8,79.4,0.6,4.0,4.6,3.9,0.5,1.6,2.4,2.6,17.4
Domantas Sabonis,3155942,83.0,240.0,24,PF,11,19800000.0,Domantas Sabonis,4,Indiana Pacers,,297.0,158.0,25.8,4.9,9.3,52.3,0.3,1.0,33.3,2.2,3.1,72.0,2.0,6.0,8.0,2.7,0.4,0.6,3.0,1.9,12.3
JaKarr Sampson,2608891,81.0,214.0,27,SF,14,1620564.0,JaKarr Sampson,5,Indiana Pacers,,209.0,90.0,15.5,2.0,4.4,46.8,0.3,1.1,25.1,0.9,1.3,67.1,0.6,2.0,2.6,0.8,0.5,0.4,1.9,0.8,5.3
Cassius Stanley,4431686,78.0,193.0,21,SG,2,0.0,Cassius Stanley,0,Indiana Pacers,R,2.0,0.0,2.0,1.0,1.5,66.7,0.5,0.5,100.0,0.0,0.0,0.0,0.5,0.0,0.5,0.0,0.0,0.0,0.5,0.5,2.5
Edmond Sumner,3136485,78.0,196.0,25,PG,5,2160000.0,Edmond Sumner,3,Indiana Pacers,,56.0,5.0,11.8,1.5,3.7,40.6,0.4,1.4,26.2,0.6,0.9,58.5,0.4,0.9,1.3,1.2,0.3,0.5,1.3,0.6,3.9
Myles Turner,3133628,83.0,250.0,24,PF,33,18000000.0,Myles Turner,5,Indiana Pacers,,348.0,315.0,28.4,4.9,10.0,48.8,0.8,2.2,35.1,2.2,2.9,77.0,1.4,5.2,6.6,1.2,2.1,0.7,2.8,1.3,12.7
Jaylen Adams,3133874,74.0,191.0,24,PG,6,1416852.0,Jaylen Adams,1,Milwaukee Bucks,,34.0,1.0,12.6,1.1,3.2,34.5,0.7,2.2,33.8,0.2,0.3,77.8,0.3,1.4,1.8,1.9,0.1,0.4,1.3,0.8,3.2
Giannis Antetokounmpo,3032977,83.0,250.0,26,PF,34,27528090.0,Giannis Antetokounmpo,7,Milwaukee Bucks,,534.0,469.0,32.4,7.3,14.0,52.6,0.6,2.1,28.3,4.8,6.7,72.0,1.7,7.2,8.9,4.3,1.3,1.2,3.0,2.8,20.1
Thanasis Antetokounmpo,3102533,78.0,228.0,28,SF,43,1701593.0,Thanasis Antetokounmpo,2,Milwaukee Bucks,,27.0,2.0,7.3,1.2,2.3,52.4,0.0,0.6,6.7,0.3,0.6,41.2,0.6,0.7,1.3,0.8,0.1,0.3,1.1,0.7,2.7
Pat Connaughton,2578239,77.0,211.0,27,SG,24,4938272.0,Pat Connaughton,5,Milwaukee Bucks,,289.0,12.0,15.8,1.8,4.1,44.4,0.8,2.2,34.9,0.4,0.5,79.3,0.6,2.2,2.8,1.3,0.3,0.3,1.1,0.5,4.8
Torrey Craig,2528693,79.0,225.0,30,SF,3,1620564.0,Torrey Craig,3,Milwaukee Bucks,B,174.0,69.0,18.5,2.0,4.4,45.0,0.7,2.2,32.0,0.5,0.8,66.0,1.1,2.2,3.4,0.8,0.6,0.4,2.2,0.5,5.2
Donte DiVincenzo,3934673,76.0,207.0,23,SG,0,3044160.0,Donte DiVincenzo,2,Milwaukee Bucks,,99.0,30.0,20.9,3.2,6.9,45.4,1.3,3.6,34.4,0.7,1.0,73.3,0.9,3.2,4.1,1.9,0.3,1.1,1.6,1.2,8.3
Mamadi Diakite,3947156,81.0,218.0,23,PF,25,0.0,Mamadi Diakite,0,Milwaukee Bucks,,,,,,,,,,,,,,,,,,,,,,
Bryn Forbes,2994526,74.0,207.0,27,SG,7,2337145.0,Bryn Forbes,4,Milwaukee Bucks,,267.0,155.0,21.6,3.2,7.5,43.2,1.6,4.1,40.1,0.7,0.9,79.7,0.2,1.7,1.9,1.5,0.0,0.4,1.5,0.7,8.9
Jrue Holiday,3995,75.0,229.0,30,SG,21,26231111.0,Jrue Holiday,11,Milwaukee Bucks,,719.0,646.0,33.2,6.3,13.8,45.3,1.3,3.7,35.5,2.0,2.6,77.8,0.9,3.0,3.9,6.4,0.5,1.5,2.3,2.7,15.9
Brook Lopez,3448,84.0,282.0,32,C,11,12697674.0,Brook Lopez,12,Milwaukee Bucks,,791.0,752.0,30.5,6.4,13.0,49.4,0.7,2.0,34.1,3.3,4.1,79.4,2.1,4.3,6.4,1.5,1.8,0.6,2.7,1.8,16.8
Sam Merrill,4066757,76.0,197.0,24,F,15,898310.0,Sam Merrill,0,Milwaukee Bucks,,5.0,0.0,7.8,0.8,1.4,57.1,0.8,1.0,80.0,0.0,0.0,0.0,0.6,1.2,1.8,1.4,0.0,0.2,0.4,0.6,2.4
Khris Middleton,6609,79.0,217.0,29,SF,22,33051724.0,Khris Middleton,8,Milwaukee Bucks,,523.0,448.0,31.5,6.0,13.0,45.9,1.8,4.5,39.3,2.7,3.0,87.8,0.6,4.1,4.7,3.4,0.2,1.2,2.6,1.9,16.4
Jordan Nwora,4277883,80.0,226.0,22,SF,13,898310.0,Jordan Nwora,0,Milwaukee Bucks,,4.0,0.0,9.8,2.5,5.8,43.5,1.0,2.3,44.4,1.8,2.0,87.5,0.0,2.0,2.0,0.0,0.0,0.8,1.3,1.0,7.8
Bobby Portis,3064482,82.0,258.0,25,PF,9,3623000.0,Bobby Portis,5,Milwaukee Bucks,,321.0,54.0,20.5,4.1,9.0,45.7,0.9,2.4,36.1,1.1,1.5,75.6,1.7,4.2,6.0,1.2,0.3,0.5,1.8,1.1,10.2
Will Barton,6579,77.0,181.0,29,SG,5,13723214.0,Will Barton,8,Denver Nuggets,,502.0,163.0,24.5,4.1,9.5,43.3,1.2,3.3,34.7,1.7,2.2,78.4,0.8,3.5,4.2,2.5,0.4,0.7,1.6,1.4,11.1
Bol Bol,4397102,86.0,209.0,21,C,10,2058240.0,Bol Bol,1,Denver Nuggets,,10.0,0.0,10.1,1.4,3.2,43.8,0.4,1.1,36.4,0.8,1.0,80.0,0.5,1.5,2.0,0.6,0.7,0.2,1.3,1.0,4.0
Facundo Campazzo,2968334,71.0,165.0,29,PG,7,3200000.0,Facundo Campazzo,0,Denver Nuggets,,6.0,0.0,9.2,1.0,2.2,46.2,1.0,1.8,54.5,0.8,1.0,83.3,0.0,0.8,0.8,1.2,0.2,0.8,1.3,1.0,3.8
Vlatko Cancar,4230557,80.0,236.0,23,SF,31,1517981.0,Vlatko Cancar,1,Denver Nuggets,,16.0,0.0,3.1,0.4,1.0,37.5,0.1,0.4,16.7,0.3,0.3,100.0,0.3,0.3,0.6,0.2,0.1,0.1,0.4,0.3,1.1
PJ Dozier,3923250,78.0,205.0,24,PG,35,1762796.0,PJ Dozier,3,Denver Nuggets,,43.0,0.0,13.5,2.1,5.0,41.6,0.5,1.6,34.3,0.6,0.8,72.2,0.6,1.7,2.3,1.7,0.3,0.4,1.2,0.7,5.3
Gary Harris,2999547,76.0,205.0,26,SG,14,19610714.0,Gary Harris,6,Denver Nuggets,,374.0,312.0,29.0,4.5,10.0,45.3,1.5,4.1,35.7,1.5,1.9,80.3,0.6,2.0,2.6,2.1,0.2,1.2,1.8,1.2,12.0
Isaiah Hartenstein,4222252,84.0,249.0,22,C,25,1620564.0,Isaiah Hartenstein,2,Denver Nuggets,,56.0,2.0,9.5,1.3,2.3,57.7,0.0,0.2,18.2,0.6,0.9,67.3,1.1,1.7,2.8,0.6,0.5,0.3,1.9,0.6,3.3
Markus Howard,4065805,71.0,180.0,21,PG,00,0.0,Markus Howard,0,Denver Nuggets,,3.0,0.0,0.7,0.0,0.3,0.0,0.0,0.3,0.0,0.0,0.0,0.0,0.0,0.0,0.0,0.0,0.0,0.0,0.0,0.0,0.0
Nikola Jokic,3112335,84.0,284.0,25,C,15,29542010.0,Nikola Jokic,5,Denver Nuggets,,387.0,346.0,29.1,6.6,12.5,52.6,0.9,2.7,33.9,3.0,3.7,82.6,2.6,7.0,9.6,5.6,0.7,1.1,2.9,2.6,17.0
Paul Millsap,3015,79.0,257.0,35,PF,4,1000000.0,Paul Millsap,14,Denver Nuggets,,1002.0,715.0,29.1,5.2,10.7,49.1,0.5,1.4,34.6,3.0,4.1,73.6,2.2,5.1,7.3,2.3,1.0,1.3,3.1,1.8,14.0
Monte Morris,3059310,74.0,183.0,25,PG,11,1588231.0,Monte Morris,3,Denver Nuggets,,164.0,19.0,23.2,3.9,8.1,48.0,1.0,2.6,39.5,0.9,1.2,82.0,0.4,1.7,2.1,3.5,0.1,0.8,1.1,0.7,9.7
Jamal Murray,3936299,76.0,215.0,23,PG,27,27285000.0,Jamal Murray,4,Denver Nuggets,,302.0,227.0,29.3,5.8,13.1,44.0,1.9,5.1,35.9,2.3,2.7,87.5,0.8,2.8,3.6,3.7,0.3,0.9,1.9,1.9,15.7
Zeke Nnaji,4431690,83.0,240.0,19,PF,22,2284800.0,Zeke Nnaji,0,Denver Nuggets,,3.0,0.0,1.7,0.0,0.3,0.0,0.0,0.3,0.0,0.0,0.0,0.0,0.0,0.0,0.0,0.0,0.0,0.0,0.3,0.0,0.0
Malik Beasley,3907822,76.0,196.0,24,SG,5,13425895.0,Malik Beasley,4,Minnesota Timberwolves,,226.0,39.0,17.8,3.2,7.1,45.0,1.4,3.7,38.6,0.7,0.9,80.8,0.3,1.7,2.1,1.0,0.1,0.5,1.1,0.7,8.5
Jarrett Culver,4277928,78.0,200.0,21,SG,23,6104280.0,Jarrett Culver,1,Minnesota Timberwolves,,69.0,38.0,23.9,3.7,9.0,40.6,1.0,3.4,29.5,0.9,1.9,47.7,1.2,2.4,3.6,1.6,0.6,0.9,2.0,1.3,9.2
Ed Davis,4259,81.0,222.0,31,F,17,5005350.0,Ed Davis,10,Minnesota Timberwolves,,673.0,97.0,19.8,2.6,4.6,56.7,0.0,0.0,0.0,1.1,1.9,58.3,2.3,4.3,6.6,0.8,0.8,0.5,2.5,0.8,6.3
Anthony Edwards,4594268,77.0,229.0,19,SG,1,9757440.0,Anthony Edwards,0,Minnesota Timberwolves,L,6.0,0.0,25.0,5.3,12.5,42.7,1.8,5.8,31.4,1.2,1.7,70.0,0.7,1.3,2.0,2.2,0.3,0.7,1.8,1.3,13.7
Ashton Hagans,4395722,75.0,193.0,21,PG,22,0.0,Ashton Hagans,0,Minnesota Timberwolves,,,,,,,,,,,,,,,,,,,,,,
Juancho Hernangomez,4017839,81.0,215.0,25,PF,41,6493000.0,Juancho Hernangomez,4,Minnesota Timberwolves,,211.0,52.0,16.1,1.8,4.2,42.2,0.8,2.3,35.2,0.8,1.2,71.8,0.8,2.6,3.4,0.7,0.2,0.4,1.2,0.5,5.2
Jake Layman,2982268,80.0,212.0,26,SF,10,3761085.0,Jake Layman,4,Minnesota Timberwolves,,170.0,40.0,13.7,2.0,4.5,45.4,0.6,2.0,30.4,0.6,0.8,73.5,0.5,1.4,1.9,0.6,0.3,0.4,1.2,0.5,5.3
Jaden McDaniels,4431671,81.0,192.0,20,PF,3,1964760.0,Jaden McDaniels,0,Minnesota Timberwolves,B,4.0,0.0,6.3,1.3,2.0,62.5,0.8,1.3,60.0,0.3,0.5,50.0,0.0,1.0,1.0,0.3,0.3,0.5,0.8,0.5,3.5
Jordan McLaughlin,3134916,71.0,185.0,24,PG,6,0.0,Jordan McLaughlin,1,Minnesota Timberwolves,,34.0,2.0,19.2,2.8,5.7,48.2,0.9,2.4,37.3,0.8,1.1,66.7,0.2,1.4,1.6,4.1,0.1,1.1,0.9,1.0,7.2
Jaylen Nowell,4278541,76.0,197.0,21,SG,4,1517981.0,Jaylen Nowell,1,Minnesota Timberwolves,,15.0,0.0,10.1,1.3,3.5,35.8,0.2,1.7,11.5,1.1,1.1,94.1,0.2,0.7,0.9,1.3,0.1,0.2,0.7,0.2,3.8
Josh Okogie,4065663,76.0,220.0,22,G,20,2651040.0,Josh Okogie,2,Minnesota Timberwolves,,139.0,83.0,24.3,2.7,6.7,40.6,0.7,2.7,27.2,2.0,2.6,76.7,0.9,2.6,3.6,1.4,0.4,1.1,2.2,1.1,8.1
Naz Reid,4396971,81.0,250.0,21,C,11,1517981.0,Naz Reid,1,Minnesota Timberwolves,,36.0,14.0,17.4,3.5,8.2,43.2,1.0,3.1,33.0,1.3,1.8,69.7,1.1,3.0,4.1,1.3,0.8,0.6,2.8,0.8,9.4
Ricky Rubio,4011,75.0,199.0,30,PG,9,17000000.0,Ricky Rubio,9,Minnesota Timberwolves,,569.0,545.0,30.8,3.7,9.3,39.2,0.9,2.7,32.7,3.1,3.7,84.1,0.7,3.6,4.2,7.8,0.1,1.9,2.6,2.7,11.3
Jarred Vanderbilt,4278077,80.0,214.0,21,PF,8,1663361.0,Jarred Vanderbilt,2,Minnesota Timberwolves,,32.0,0.0,5.0,0.7,1.2,55.3,0.0,0.1,0.0,0.3,0.6,57.9,0.5,1.0,1.5,0.4,0.1,0.4,0.5,0.6,1.7
Trevor Ariza,2426,80.0,215.0,35,SF,8,12800000.0,Trevor Ariza,16,Oklahoma City Thunder,,1064.0,731.0,29.7,3.8,8.9,42.3,1.4,4.1,35.2,1.6,2.2,73.2,1.0,3.8,4.8,2.2,0.3,1.5,2.0,1.4,10.5
Darius Bazley,4423545,80.0,208.0,20,SF,7,2339160.0,Darius Bazley,1,Oklahoma City Thunder,,66.0,14.0,19.5,2.2,5.6,40.1,0.8,2.4,33.5,0.8,1.1,71.4,0.5,3.9,4.4,0.7,0.7,0.4,0.9,0.8,6.0
Moses Brown,4397126,85.0,245.0,21,C,9,0.0,Moses Brown,1,Oklahoma City Thunder,,10.0,0.0,3.6,0.4,1.1,36.4,0.0,0.0,0.0,0.3,1.0,30.0,0.3,1.3,1.6,0.1,0.2,0.1,0.7,0.3,1.1
Hamidou Diallo,4080610,77.0,202.0,22,SG,6,1416852.0,Hamidou Diallo,2,Oklahoma City Thunder,,102.0,6.0,14.9,2.2,4.9,45.0,0.2,0.8,24.7,0.8,1.3,60.2,0.9,2.0,2.9,0.6,0.2,0.6,1.9,0.8,5.4
Luguentz Dort,4397020,76.0,215.0,21,SG,5,1517981.0,Luguentz Dort,1,Oklahoma City Thunder,,41.0,33.0,23.5,2.7,6.6,41.1,1.0,3.1,32.8,1.3,1.6,79.1,0.7,1.7,2.4,0.8,0.1,0.9,2.8,0.7,7.7
Josh Hall,4433157,80.0,200.0,20,SF,15,0.0,Josh Hall,0,Oklahoma City Thunder,,2.0,0.0,5.5,0.5,3.0,16.7,0.5,2.0,25.0,0.0,1.0,0.0,0.0,0.5,0.5,0.0,0.0,0.0,1.5,0.0,1.5
George Hill,3438,75.0,187.0,34,PG,3,9590602.0,George Hill,12,Oklahoma City Thunder,B,789.0,453.0,27.7,3.9,8.6,45.7,1.2,3.2,38.5,2.0,2.5,80.3,0.6,2.5,3.1,3.2,0.3,0.9,2.0,1.3,11.1
Al Horford,3213,81.0,240.0,34,C,42,27500000.0,Al Horford,13,Oklahoma City Thunder,,857.0,847.0,32.6,5.9,11.3,52.0,0.6,1.5,36.4,1.7,2.2,75.5,2.1,6.2,8.3,3.3,1.2,0.8,2.3,1.6,13.9
Justin Jackson,3138156,79.0,220.0,25,SF,44,5029650.0,Justin Jackson,3,Oklahoma City Thunder,,215.0,59.0,19.5,2.5,5.8,43.2,0.9,2.8,32.2,0.6,0.8,79.0,0.5,2.1,2.6,1.0,0.2,0.3,1.2,0.4,6.5
Ty Jerome,4065733,77.0,195.0,23,SG,16,2303040.0,Ty Jerome,1,Oklahoma City Thunder,,31.0,0.0,10.6,1.2,3.6,33.6,0.5,1.6,28.0,0.4,0.5,75.0,0.2,1.3,1.5,1.4,0.1,0.5,0.9,0.6,3.3
Theo Maledon,4683027,77.0,180.0,19,PG,11,2000000.0,Theo Maledon,0,Oklahoma City Thunder,,5.0,0.0,21.2,2.6,5.8,44.8,1.0,3.6,27.8,0.8,1.4,57.1,0.2,1.6,1.8,2.6,0.0,0.8,2.0,2.2,7.0
Darius Miller,6610,80.0,225.0,30,SF,12,7000000.0,Darius Miller,5,Oklahoma City Thunder,,253.0,28.0,20.4,2.1,4.9,41.8,1.3,3.4,38.2,0.6,0.7,83.0,0.2,1.5,1.7,1.4,0.2,0.4,2.0,0.6,6.0
Mike Muscala,2490089,83.0,240.0,29,PF,33,2283034.0,Mike Muscala,7,Oklahoma City Thunder,,359.0,30.0,15.5,2.1,4.5,46.2,0.8,2.1,37.0,0.7,0.9,84.2,0.9,2.3,3.1,0.9,0.5,0.4,1.5,0.6,5.7
Aleksej Pokusevski,4683018,84.0,195.0,19,PF,17,2964840.0,Aleksej Pokusevski,0,Oklahoma City Thunder,,5.0,0.0,16.0,0.4,4.2,9.5,0.2,3.2,6.3,0.0,0.0,0.0,0.2,3.6,3.8,1.4,1.0,1.0,1.2,2.0,1.0
Isaiah Roby,4066392,80.0,230.0,22,SF,22,1517981.0,Isaiah Roby,1,Oklahoma City Thunder,,5.0,1.0,11.4,2.4,3.6,66.7,0.2,0.8,25.0,0.2,1.4,14.3,1.2,1.8,3.0,0.0,0.4,0.2,1.6,0.8,5.2
Kenrich Williams,3133626,79.0,210.0,26,SG,34,1416852.0,Kenrich Williams,2,Oklahoma City Thunder,,90.0,47.0,21.9,1.8,4.9,36.5,0.9,2.9,30.2,0.3,0.5,53.1,1.2,3.4,4.6,1.6,0.5,0.8,2.1,0.7,4.7
Carmelo Anthony,1975,80.0,238.0,36,PF,00,1620564.0,Carmelo Anthony,17,Portland Trail Blazers,,1127.0,1114.0,35.6,8.4,18.8,44.8,1.3,3.7,34.9,5.4,6.6,81.2,1.7,4.8,6.5,2.9,0.5,1.0,2.9,2.6,23.5
Keljin Blevins,3152335,78.0,200.0,25,SF,21,0.0,Keljin Blevins,0,Portland Trail Blazers,,3.0,0.0,5.7,0.3,2.0,16.7,0.0,1.0,0.0,0.0,0.0,0.0,0.0,0.0,0.0,1.0,0.0,0.3,0.7,1.0,0.7
Zach Collins,4066650,83.0,250.0,23,PF,33,5406255.0,Zach Collins,3,Portland Trail Blazers,,154.0,12.0,17.5,2.2,4.9,44.4,0.5,1.6,32.4,0.8,1.1,72.2,1.2,2.8,4.0,0.9,0.7,0.3,2.2,1.0,5.7
Robert Covington,2490620,79.0,209.0,30,PF,23,12138345.0,Robert Covington,7,Portland Trail Blazers,,402.0,354.0,30.0,4.2,10.4,40.5,2.3,6.5,35.5,1.9,2.3,81.1,0.9,4.8,5.7,1.5,0.9,1.7,3.0,1.7,12.6
CJ Elleby,4397166,78.0,200.0,20,SG,16,898310.0,CJ Elleby,0,Portland Trail Blazers,,3.0,0.0,5.7,0.7,1.7,40.0,0.0,1.0,0.0,0.0,0.3,0.0,0.3,0.3,0.7,0.7,0.0,0.0,1.0,0.0,1.3
Rodney Hood,2581177,80.0,208.0,28,SG,5,10047450.0,Rodney Hood,6,Portland Trail Blazers,,346.0,248.0,27.1,4.5,10.5,42.5,1.7,4.5,37.3,1.7,2.0,83.9,0.3,2.5,2.9,1.9,0.2,0.8,2.2,1.1,12.3
Enes Kanter,6447,82.0,250.0,28,C,11,5005350.0,Enes Kanter,9,Portland Trail Blazers,,647.0,223.0,21.7,4.7,8.7,54.4,0.1,0.2,28.7,2.0,2.6,77.6,2.9,4.7,7.6,0.8,0.5,0.4,2.2,1.5,11.6
Damian Lillard,6606,74.0,195.0,30,PG,0,31626953.0,Damian Lillard,8,Portland Trail Blazers,,621.0,621.0,36.4,8.0,18.2,43.7,2.9,7.8,37.3,5.4,6.1,88.9,0.6,3.6,4.2,6.5,0.3,1.0,2.0,2.8,24.2
Nassir Little,4395652,77.0,220.0,20,SF,9,2210640.0,Nassir Little,1,Portland Trail Blazers,,48.0,5.0,11.9,1.4,3.1,43.0,0.3,1.2,23.7,0.6,0.9,63.6,0.6,1.6,2.3,0.5,0.3,0.3,1.5,0.3,3.6
CJ McCollum,2490149,75.0,190.0,29,SG,3,29354152.0,CJ McCollum,7,Portland Trail Blazers,B,487.0,390.0,31.0,7.1,15.7,45.4,2.1,5.4,39.8,2.2,2.6,82.7,0.6,2.7,3.3,3.2,0.4,0.9,2.2,1.7,18.6
Jusuf Nurkic,3102530,84.0,290.0,26,C,27,12888889.0,Jusuf Nurkic,6,Portland Trail Blazers,,324.0,243.0,23.2,4.7,9.5,49.1,0.0,0.2,11.9,2.3,3.5,67.0,2.5,5.5,8.0,2.0,1.3,0.9,3.1,2.1,11.7
Anfernee Simons,4351851,75.0,181.0,21,SG,1,2252040.0,Anfernee Simons,2,Portland Trail Blazers,L,95.0,5.0,17.4,2.6,6.6,40.1,1.0,2.9,33.5,0.9,1.2,78.6,0.3,1.5,1.8,1.2,0.1,0.3,1.6,0.8,7.2
Udoka Azubuike,4066299,84.0,270.0,21,C,20,1977000.0,Udoka Azubuike,0,Utah Jazz,,2.0,0.0,4.5,1.0,1.5,66.7,0.0,0.0,0.0,0.0,0.0,0.0,0.5,0.0,0.5,0.0,0.5,0.0,0.5,0.0,2.0
Bojan Bogdanovic,3593,80.0,216.0,31,SF,44,17850000.0,Bojan Bogdanovic,6,Utah Jazz,,468.0,351.0,28.6,5.0,10.9,45.9,1.9,4.8,39.4,2.3,2.7,85.8,0.5,3.0,3.5,1.5,0.1,0.6,1.6,1.6,14.2
Jarrell Brantley,3912292,79.0,250.0,24,PF,5,0.0,Jarrell Brantley,1,Utah Jazz,,9.0,0.0,10.7,1.1,3.1,35.7,0.3,1.4,23.1,0.1,0.2,50.0,0.2,2.0,2.2,1.2,0.6,0.3,0.8,0.8,2.7
Jordan Clarkson,2528426,77.0,192.0,28,PG,00,11500000.0,Jordan Clarkson,6,Utah Jazz,,459.0,140.0,26.9,5.7,12.7,44.7,1.5,4.4,34.2,1.9,2.4,81.9,0.9,2.3,3.2,2.6,0.1,0.9,1.7,1.7,14.8
Mike Conley,3195,73.0,175.0,33,PG,10,34502130.0,Mike Conley,13,Utah Jazz,,841.0,804.0,32.4,5.3,12.1,43.9,1.4,3.8,37.6,2.9,3.5,81.9,0.4,2.5,3.0,5.6,0.2,1.4,2.0,2.0,14.9
Derrick Favors,4257,82.0,265.0,29,C,15,9258000.0,Derrick Favors,10,Utah Jazz,,689.0,485.0,25.6,4.6,8.7,53.0,0.1,0.3,20.7,2.0,3.1,66.1,2.5,4.8,7.4,1.1,1.3,0.8,2.6,1.4,11.4
Trent Forrest,4065656,76.0,210.0,22,SG,3,0.0,Trent Forrest,0,Utah Jazz,B,,,,,,,,,,,,,,,,,,,,,
Rudy Gobert,3032976,85.0,245.0,28,C,27,27525281.0,Rudy Gobert,7,Utah Jazz,,480.0,388.0,29.5,4.3,6.8,64.0,0.0,0.0,0.0,3.1,4.9,63.0,3.2,7.7,11.0,1.4,2.2,0.7,2.6,1.6,11.7
Shaquille Harrison,2991274,76.0,190.0,27,PG,8,1620564.0,Shaquille Harrison,3,Utah Jazz,,141.0,23.0,16.4,2.3,5.1,44.9,0.3,1.1,29.3,1.1,1.5,70.6,0.5,2.2,2.6,1.7,0.4,1.1,1.6,0.7,6.0
Elijah Hughes,4066446,78.0,215.0,22,SF,33,898310.0,Elijah Hughes,0,Utah Jazz,,2.0,0.0,4.5,0.0,1.5,0.0,0.0,0.5,0.0,1.5,2.0,75.0,0.0,0.5,0.5,0.5,0.5,0.0,0.0,0.0,1.5
Joe Ingles,2968436,80.0,226.0,33,SF,2,10863637.0,Joe Ingles,6,Utah Jazz,R,484.0,268.0,25.5,3.0,6.6,44.7,1.7,4.2,40.5,0.7,0.9,75.2,0.3,2.9,3.2,3.6,0.2,1.0,1.9,1.6,8.3
Donovan Mitchell,3908809,75.0,215.0,24,SG,45,5195501.0,Donovan Mitchell,3,Utah Jazz,,231.0,223.0,33.8,8.2,18.8,43.7,2.5,6.9,35.5,3.7,4.5,82.2,0.7,3.3,4.1,4.1,0.3,1.3,2.6,2.8,22.6
Juwan Morgan,3934721,80.0,232.0,23,SF,16,1517981.0,Juwan Morgan,1,Utah Jazz,,24.0,0.0,6.0,0.6,1.1,55.6,0.1,0.4,33.3,0.1,0.2,75.0,0.4,0.9,1.3,0.3,0.1,0.0,0.8,0.3,1.5
Georges Niang,2990969,80.0,230.0,27,SF,31,1783557.0,Georges Niang,4,Utah Jazz,,163.0,1.0,9.9,1.5,3.4,43.1,0.8,2.2,38.0,0.3,0.3,82.7,0.2,1.3,1.5,0.5,0.1,0.2,0.9,0.4,4.0
Miye Oni,4066851,77.0,206.0,23,SG,81,1517981.0,Miye Oni,1,Utah Jazz,,13.0,1.0,9.3,1.0,2.7,37.1,0.6,1.5,40.0,0.3,0.4,80.0,0.5,1.2,1.6,0.4,0.2,0.3,0.9,0.4,2.9
Kent Bazemore,6637,77.0,206.0,31,SF,26,1620564.0,Kent Bazemore,8,Golden State Warriors,,555.0,278.0,21.1,3.1,7.5,41.3,1.1,3.0,35.1,1.4,2.0,72.6,0.4,2.9,3.2,1.8,0.5,1.0,2.0,1.5,8.7
Marquese Chriss,3907487,81.0,249.0,23,SF,32,1824003.0,Marquese Chriss,4,Golden State Warriors,,258.0,147.0,19.3,3.0,6.5,45.5,0.6,2.1,28.9,1.4,2.1,66.7,1.3,3.6,4.9,1.1,0.8,0.7,2.6,1.3,8.0
Stephen Curry,3975,75.0,193.0,32,PG,30,43006362.0,Stephen Curry,11,Golden State Warriors,,705.0,699.0,34.3,8.1,17.1,47.6,3.6,8.2,43.4,3.7,4.1,90.7,0.7,3.8,4.5,6.6,0.2,1.7,2.5,3.1,23.6
Draymond Green,6589,78.0,235.0,30,PF,23,22246956.0,Draymond Green,8,Golden State Warriors,,578.0,430.0,28.1,3.2,7.5,43.5,0.9,2.8,31.9,1.6,2.2,70.9,1.1,5.8,6.9,5.0,1.1,1.4,2.8,2.1,8.9
Damion Lee,2595209,77.0,203.0,28,SG,1,1762796.0,Damion Lee,3,Golden State Warriors,L,102.0,47.0,22.6,3.4,8.0,42.1,1.4,3.8,35.6,1.5,1.8,85.7,0.5,3.4,3.9,1.8,0.1,0.8,1.8,0.9,9.6
Kevon Looney,3155535,81.0,250.0,24,PF,5,4464226.0,Kevon Looney,5,Golden State Warriors,,230.0,36.0,14.0,1.9,3.3,56.9,0.0,0.2,14.3,0.6,1.0,60.5,1.6,2.1,3.7,1.0,0.6,0.5,1.9,0.5,4.3
Nico Mannion,4431672,74.0,188.0,19,PG,2,0.0,Nico Mannion,0,Golden State Warriors,R,,,,,,,,,,,,,,,,,,,,,
Mychal Mulder,3936298,76.0,193.0,26,SG,15,1517981.0,Mychal Mulder,1,Golden State Warriors,,13.0,3.0,20.0,2.5,6.5,39.3,1.6,5.1,31.8,0.9,1.4,66.7,0.2,1.9,2.2,0.7,0.2,0.2,1.8,0.5,7.6
Eric Paschall,3133817,78.0,264.0,24,PF,7,1517981.0,Eric Paschall,1,Golden State Warriors,,66.0,28.0,26.8,5.2,10.3,50.1,0.6,2.1,28.7,2.7,3.5,77.5,1.3,3.1,4.4,2.0,0.2,0.5,2.1,1.5,13.6
Jordan Poole,4277956,76.0,195.0,21,SG,3,2063280.0,Jordan Poole,1,Golden State Warriors,B,62.0,14.0,21.6,2.8,8.5,33.5,1.2,4.5,27.6,1.7,2.1,81.3,0.2,1.9,2.0,2.2,0.2,0.6,1.6,1.2,8.6
Alen Smailagic,4401415,82.0,241.0,20,PF,6,1517981.0,Alen Smailagic,1,Golden State Warriors,,14.0,0.0,9.9,1.4,2.9,50.0,0.2,0.9,23.1,1.1,1.4,84.2,0.7,1.2,1.9,0.9,0.3,0.2,1.0,0.8,4.2
Klay Thompson,6475,78.0,215.0,30,SG,11,35361360.0,Klay Thompson,8,Golden State Warriors,,615.0,578.0,33.1,7.3,16.0,45.9,2.9,7.0,41.9,1.9,2.3,84.8,0.4,3.0,3.5,2.3,0.5,0.9,2.1,1.7,19.5
Brad Wanamaker,6507,75.0,222.0,31,PG,10,2250000.0,Brad Wanamaker,2,Golden State Warriors,,113.0,1.0,16.0,1.9,4.3,44.7,0.5,1.3,36.0,1.4,1.6,90.5,0.2,1.5,1.7,2.2,0.2,0.7,1.6,0.9,5.8
Andrew Wiggins,3059319,79.0,205.0,25,SF,22,29542010.0,Andrew Wiggins,6,Golden State Warriors,,460.0,460.0,35.7,7.3,16.5,44.1,1.2,3.6,33.3,3.9,5.4,73.2,1.3,3.1,4.4,2.3,0.6,1.0,2.2,2.1,19.7
James Wiseman,4432808,84.0,244.0,19,C,33,8730240.0,James Wiseman,0,Golden State Warriors,,6.0,6.0,22.3,4.3,9.7,44.8,0.8,1.8,45.5,2.2,3.3,65.0,1.2,5.3,6.5,0.3,1.7,0.5,4.0,1.7,11.7
Nicolas Batum,3416,81.0,230.0,32,SF,5,1620564.0,Nicolas Batum,12,LA Clippers,,796.0,721.0,31.3,4.1,9.4,43.5,1.6,4.4,35.7,1.7,2.1,84.2,1.1,4.2,5.2,3.8,0.6,0.9,1.8,1.8,11.5
Patrick Beverley,3964,73.0,180.0,32,PG,21,13333333.0,Patrick Beverley,8,LA Clippers,,438.0,357.0,28.0,3.1,7.6,41.5,1.6,4.2,38.2,1.0,1.3,76.2,1.2,3.2,4.4,3.4,0.4,1.2,3.1,1.3,8.9
Amir Coffey,4066387,79.0,210.0,23,SG,7,0.0,Amir Coffey,1,LA Clippers,,24.0,1.0,8.1,1.1,2.8,40.9,0.3,1.0,32.0,0.3,0.6,57.1,0.2,0.5,0.8,0.7,0.1,0.2,0.9,0.3,2.9
Paul George,4251,80.0,220.0,30,SG,13,35450412.0,Paul George,10,LA Clippers,,659.0,611.0,33.5,6.8,15.6,43.4,2.5,6.4,38.3,4.0,4.7,84.7,0.9,5.5,6.4,3.4,0.4,1.7,2.7,2.6,20.0
Serge Ibaka,3439,84.0,235.0,31,PF,9,9258000.0,Serge Ibaka,11,LA Clippers,,815.0,653.0,28.6,5.2,10.1,51.4,0.7,1.8,36.1,1.5,1.9,75.8,2.2,5.2,7.3,0.8,2.1,0.4,2.8,1.3,12.6
Reggie Jackson,6443,75.0,208.0,30,PG,1,1620564.0,Reggie Jackson,9,LA Clippers,L,568.0,348.0,25.0,4.7,11.1,42.8,1.2,3.5,33.8,2.1,2.4,85.6,0.5,2.4,2.9,4.4,0.1,0.7,1.9,1.9,12.8
Mfiondu Kabengele,4065660,81.0,250.0,23,PF,25,2075880.0,Mfiondu Kabengele,1,LA Clippers,,17.0,0.0,5.6,0.9,2.4,36.6,0.6,1.5,38.5,0.4,0.4,100.0,0.1,0.8,0.9,0.2,0.2,0.2,0.9,0.2,2.8
Luke Kennard,3913174,77.0,206.0,24,SG,5,5273826.0,Luke Kennard,3,LA Clippers,,171.0,46.0,23.3,3.5,8.0,44.2,1.6,3.9,40.4,1.1,1.3,86.2,0.2,2.5,2.8,2.1,0.2,0.5,1.5,1.0,9.8
Kawhi Leonard,6450,79.0,225.0,29,SF,2,34379100.0,Kawhi Leonard,9,LA Clippers,R,529.0,502.0,31.0,6.7,13.7,49.0,1.5,3.8,38.2,3.8,4.5,85.4,1.2,5.2,6.4,2.7,0.7,1.8,1.7,1.6,18.7
Terance Mann,3907823,77.0,215.0,24,SG,14,1517981.0,Terance Mann,1,LA Clippers,,47.0,6.0,9.2,0.9,2.1,44.3,0.1,0.5,31.8,0.4,0.6,66.7,0.3,1.2,1.5,1.2,0.1,0.2,1.2,0.4,2.4
Daniel Oturu,4397215,82.0,240.0,21,C,10,898310.0,Daniel Oturu,0,LA Clippers,,4.0,0.0,5.5,1.3,2.0,62.5,0.0,0.3,0.0,0.0,0.0,0.0,0.3,1.5,1.8,0.5,0.5,0.0,0.8,0.3,2.5
Patrick Patterson,4264,80.0,235.0,31,PF,54,3077704.0,Patrick Patterson,10,LA Clippers,,685.0,99.0,21.0,2.6,5.9,44.7,0.9,2.3,36.9,0.6,0.8,75.6,1.2,2.8,4.0,1.0,0.4,0.5,1.6,0.6,6.7
Jay Scrubb,4683023,78.0,220.0,20,SG,4,0.0,Jay Scrubb,0,LA Clippers,,,,,,,,,,,,,,,,,,,,,,
Lou Williams,2799,73.0,175.0,34,SG,23,8000000.0,Lou Williams,15,LA Clippers,,1008.0,118.0,24.8,4.6,11.0,42.0,1.3,3.9,34.9,3.8,4.5,84.0,0.4,1.9,2.3,3.5,0.2,0.9,1.3,1.7,14.4
Ivica Zubac,4017837,84.0,240.0,23,C,40,7000000.0,Ivica Zubac,4,LA Clippers,,219.0,118.0,16.1,3.0,5.3,57.0,0.0,0.0,0.0,1.5,1.9,75.9,1.9,3.6,5.5,0.9,0.8,0.3,2.0,0.9,7.5
Kostas Antetokounmpo,4066490,82.0,200.0,23,PF,37,0.0,Kostas Antetokounmpo,2,Los Angeles Lakers,,8.0,0.0,4.9,0.4,1.0,37.5,0.0,0.0,0.0,0.4,0.8,50.0,0.3,0.8,1.0,0.3,0.3,0.3,0.4,0.5,1.1
Devontae Cacok,3946974,79.0,240.0,24,PF,12,0.0,Devontae Cacok,1,Los Angeles Lakers,,1.0,0.0,9.0,3.0,6.0,50.0,0.0,0.0,0.0,0.0,0.0,0.0,2.0,3.0,5.0,1.0,0.0,0.0,0.0,0.0,6.0
Alex Caruso,2991350,77.0,186.0,26,SG,4,2750000.0,Alex Caruso,3,Los Angeles Lakers,,129.0,13.0,17.9,2.0,4.6,42.8,0.6,1.7,36.7,1.1,1.5,75.0,0.4,1.6,2.0,2.2,0.3,0.9,1.6,1.1,5.6
Quinn Cook,2566745,73.0,180.0,27,PG,2,1620564.0,Quinn Cook,4,Los Angeles Lakers,R,170.0,29.0,14.8,2.7,5.8,46.3,1.0,2.5,40.6,0.3,0.4,78.9,0.3,1.5,1.8,1.7,0.0,0.3,1.1,0.8,6.7
Anthony Davis,6583,82.0,253.0,27,PF,3,32742000.0,Anthony Davis,8,Los Angeles Lakers,B,534.0,529.0,34.5,8.9,17.3,51.5,0.5,1.5,32.1,5.7,7.1,80.2,2.6,7.8,10.4,2.3,2.4,1.4,2.4,1.9,24.0
Jared Dudley,3201,78.0,237.0,35,SF,10,1620564.0,Jared Dudley,13,Los Angeles Lakers,,896.0,286.0,22.4,2.7,5.8,46.4,1.0,2.5,39.3,1.0,1.4,73.2,0.9,2.3,3.2,1.6,0.2,0.8,1.8,0.8,7.4
Marc Gasol,3206,85.0,255.0,35,C,14,2564753.0,Marc Gasol,12,Los Angeles Lakers,,846.0,830.0,32.9,5.4,11.2,48.2,0.5,1.3,35.4,3.3,4.2,77.7,1.6,6.0,7.6,3.4,1.4,0.9,2.9,2.0,14.5
Montrezl Harrell,2991055,79.0,253.0,26,PF,15,9258000.0,Montrezl Harrell,5,Los Angeles Lakers,,325.0,25.0,21.0,5.2,8.4,61.5,0.0,0.2,9.6,2.3,3.6,64.0,1.8,3.2,5.0,1.3,0.9,0.6,2.3,1.2,12.7
LeBron James,1966,81.0,250.0,36,SF,23,39219565.0,LeBron James,17,Los Angeles Lakers,,1272.0,1271.0,38.3,9.9,19.6,50.3,1.5,4.3,34.4,5.8,8.0,73.4,1.2,6.2,7.4,7.4,0.8,1.6,1.8,3.5,27.0
Kyle Kuzma,3134907,80.0,220.0,25,PF,0,3562178.0,Kyle Kuzma,3,Los Angeles Lakers,,215.0,116.0,29.9,6.0,13.3,44.9,1.8,5.4,33.3,2.1,2.9,73.3,0.9,4.5,5.4,1.9,0.4,0.6,2.2,1.8,15.9
Wesley Matthews,4032,76.0,221.0,34,SG,9,3623000.0,Wesley Matthews,11,Los Angeles Lakers,,798.0,730.0,31.8,4.5,10.6,42.4,2.1,5.5,38.1,2.0,2.5,82.3,0.5,2.5,3.0,2.1,0.2,1.0,2.2,1.3,13.1
Alfonzo McKinnie,2530923,80.0,215.0,28,SF,28,1762796.0,Alfonzo McKinnie,3,Los Angeles Lakers,,130.0,6.0,12.8,1.7,3.6,47.2,0.5,1.5,31.4,0.4,0.6,63.1,0.9,1.9,2.8,0.4,0.2,0.3,1.7,0.5,4.3
Markieff Morris,6461,82.0,245.0,31,PF,88,1620564.0,Markieff Morris,9,Los Angeles Lakers,,644.0,348.0,25.4,4.4,9.8,44.8,0.8,2.4,34.4,1.8,2.3,77.8,1.3,4.1,5.3,1.7,0.5,0.9,2.9,1.6,11.4
Dennis Schroder,3032979,73.0,172.0,27,PG,17,16000000.0,Dennis Schroder,7,Los Angeles Lakers,,503.0,184.0,25.6,5.3,12.2,43.6,1.1,3.4,33.7,2.3,2.8,82.7,0.4,2.4,2.9,4.6,0.1,0.8,1.9,2.4,14.1
Deandre Ayton,4278129,83.0,250.0,22,C,22,9562920.0,Deandre Ayton,2,Phoenix Suns,,116.0,109.0,31.2,7.4,13.0,57.0,0.0,0.2,20.0,1.9,2.6,74.6,3.4,7.3,10.7,1.8,1.1,0.8,3.0,1.9,16.8
Devin Booker,3136193,77.0,206.0,24,SG,1,29467800.0,Devin Booker,5,Phoenix Suns,L,349.0,324.0,33.5,7.7,17.2,44.9,2.0,5.5,35.4,5.0,5.8,86.9,0.5,3.2,3.6,4.7,0.3,0.8,3.1,3.3,22.4
Mikal Bridges,3147657,78.0,209.0,24,SF,25,4161000.0,Mikal Bridges,2,Phoenix Suns,,162.0,95.0,29.0,3.2,6.9,46.9,1.2,3.4,35.4,1.3,1.6,83.1,0.8,2.9,3.7,1.9,0.6,1.5,2.3,0.9,9.0
Jevon Carter,3133635,73.0,200.0,25,PG,4,3925000.0,Jevon Carter,2,Phoenix Suns,,104.0,5.0,15.4,1.6,4.3,36.3,0.9,2.5,37.3,0.5,0.6,83.1,0.4,1.4,1.9,1.5,0.3,0.7,1.4,0.6,4.6
Jae Crowder,6581,78.0,235.0,30,SF,99,9258000.0,Jae Crowder,8,Phoenix Suns,,615.0,304.0,24.8,3.3,7.9,42.1,1.4,4.2,34.0,1.5,2.0,77.8,0.7,3.4,4.1,1.5,0.3,1.0,2.0,0.9,9.6
Langston Galloway,2530572,73.0,200.0,29,SG,2,1620564.0,Langston Galloway,6,Phoenix Suns,R,412.0,62.0,22.7,3.0,7.6,39.6,1.5,4.0,36.8,1.0,1.2,81.2,0.5,2.1,2.5,1.7,0.2,0.7,1.6,0.6,8.5
Cameron Johnson,3138196,80.0,210.0,24,SF,23,4033440.0,Cameron Johnson,1,Phoenix Suns,,64.0,9.0,22.1,3.2,7.3,44.2,1.9,4.9,39.0,0.9,1.0,83.6,0.8,2.4,3.2,1.2,0.4,0.6,1.5,0.5,9.3
Damian Jones,3064559,83.0,245.0,25,C,30,1737145.0,Damian Jones,4,Phoenix Suns,,108.0,49.0,13.9,1.8,2.7,66.2,0.0,0.1,22.2,0.9,1.3,67.6,1.1,1.9,3.0,0.6,0.7,0.4,2.3,0.5,4.5
Frank Kaminsky,2579294,84.0,240.0,27,PF,8,1620564.0,Frank Kaminsky,5,Phoenix Suns,,326.0,36.0,21.7,3.5,8.2,42.2,1.2,3.4,34.6,1.6,2.1,74.8,0.8,3.2,4.0,1.6,0.4,0.5,1.6,0.9,9.7
Abdel Nader,2595435,77.0,225.0,27,SF,11,1752950.0,Abdel Nader,3,Phoenix Suns,,164.0,8.0,12.7,1.6,3.8,42.1,0.6,1.8,35.2,0.6,0.9,71.6,0.3,1.5,1.8,0.5,0.3,0.4,1.2,0.6,4.5
Chris Paul,2779,73.0,175.0,35,PG,3,41358814.0,Chris Paul,15,Phoenix Suns,B,1027.0,1027.0,34.8,6.5,13.7,47.0,1.3,3.7,37.0,4.2,4.8,87.1,0.7,3.9,4.5,9.5,0.1,2.2,2.5,2.4,18.4
Cameron Payne,3064230,75.0,190.0,26,PG,15,1977011.0,Cameron Payne,5,Phoenix Suns,,168.0,28.0,16.5,2.5,6.1,40.8,0.9,2.5,34.9,0.5,0.6,78.6,0.3,1.6,1.9,2.6,0.2,0.7,1.6,1.0,6.3
Dario Saric,3032978,82.0,225.0,26,PF,20,9250000.0,Dario Saric,4,Phoenix Suns,,309.0,201.0,26.4,4.4,9.9,44.1,1.5,4.2,35.9,1.9,2.3,83.7,1.6,4.6,6.2,2.1,0.2,0.6,2.2,1.7,12.2
Jalen Smith,4397189,82.0,215.0,20,PF,10,4245720.0,Jalen Smith,0,Phoenix Suns,,2.0,0.0,10.0,1.0,2.5,40.0,0.0,0.5,0.0,0.0,1.0,0.0,1.5,1.0,2.5,0.5,0.5,0.0,0.5,0.5,2.0
Harrison Barnes,6578,80.0,225.0,28,SF,40,22215909.0,Harrison Barnes,8,Sacramento Kings,,618.0,557.0,31.2,5.1,11.3,44.8,1.2,3.3,37.4,2.3,2.9,79.6,1.0,3.9,4.9,1.6,0.2,0.7,1.7,1.2,13.7
Nemanja Bjelica,4269,82.0,235.0,32,PF,8,7150000.0,Nemanja Bjelica,5,Sacramento Kings,,347.0,159.0,21.7,3.0,6.5,46.7,1.2,3.1,39.3,0.8,1.0,77.1,1.2,3.6,4.8,1.8,0.4,0.7,2.5,1.0,8.0
Kyle Guy,4065730,73.0,170.0,23,SG,7,0.0,Kyle Guy,1,Sacramento Kings,,5.0,0.0,4.4,0.6,2.0,30.0,0.2,1.0,20.0,0.4,0.4,100.0,0.0,0.6,0.6,0.4,0.0,0.0,0.2,0.0,1.8
Tyrese Haliburton,4396993,77.0,175.0,20,PG,0,3831840.0,Tyrese Haliburton,0,Sacramento Kings,,5.0,0.0,26.8,3.6,6.8,52.9,2.0,4.0,50.0,1.4,1.6,87.5,0.6,1.4,2.0,4.4,0.4,1.0,1.4,0.8,10.6
Buddy Hield,2990984,76.0,220.0,28,SG,24,24701834.0,Buddy Hield,4,Sacramento Kings,,322.0,200.0,27.8,5.9,13.4,44.0,2.8,6.8,41.0,1.3,1.5,86.5,0.8,3.4,4.2,2.2,0.3,0.8,2.0,1.7,15.9
Richaun Holmes,2993370,82.0,240.0,27,PF,22,5005350.0,Richaun Holmes,5,Sacramento Kings,,276.0,68.0,19.0,3.5,5.9,58.6,0.1,0.6,25.7,1.4,2.0,72.9,1.7,3.4,5.1,0.9,1.0,0.6,2.6,0.8,8.5
Justin James,3914058,78.0,190.0,23,SG,10,1517981.0,Justin James,1,Sacramento Kings,,37.0,0.0,6.4,0.9,2.3,41.7,0.2,0.8,31.0,0.3,0.6,47.6,0.2,0.7,0.9,0.5,0.2,0.2,0.5,0.2,2.4
DaQuan Jeffries,3913220,77.0,220.0,23,SG,19,1445697.0,DaQuan Jeffries,1,Sacramento Kings,,13.0,0.0,10.8,1.5,3.1,50.0,0.4,1.4,27.8,0.4,0.5,83.3,0.2,1.2,1.4,0.5,0.1,0.3,1.5,0.2,3.8
Cory Joseph,6446,75.0,200.0,29,PG,9,12600000.0,Cory Joseph,9,Sacramento Kings,,606.0,121.0,21.9,2.7,6.1,44.0,0.5,1.5,33.1,1.0,1.3,77.0,0.5,2.1,2.6,2.9,0.2,0.8,1.5,1.0,6.9
Chimezie Metu,3914283,81.0,225.0,23,PF,25,1620564.0,Chimezie Metu,2,Sacramento Kings,,47.0,0.0,5.3,0.9,2.1,43.0,0.0,0.1,0.0,0.5,0.6,76.7,0.4,1.0,1.5,0.5,0.2,0.2,0.4,0.5,2.3
Jabari Parker,3056600,80.0,245.0,25,PF,33,6500000.0,Jabari Parker,6,Sacramento Kings,,285.0,190.0,29.0,6.0,12.2,49.3,0.7,2.2,32.4,2.2,2.9,74.0,1.5,4.2,5.7,2.1,0.4,0.9,2.1,1.8,14.9
Hassan Whiteside,4262,84.0,265.0,31,C,20,1620564.0,Hassan Whiteside,8,Sacramento Kings,,415.0,320.0,26.5,5.7,9.8,58.2,0.0,0.1,32.0,2.2,3.7,60.6,3.3,8.3,11.7,0.7,2.4,0.6,2.6,1.6,13.6
Bogdan Bogdanovic,3037789,78.0,220.0,28,SG,13,18000000.0,Bogdan Bogdanovic,3,Atlanta Hawks,,215.0,98.0,28.2,5.0,11.5,43.3,2.1,5.5,37.5,1.5,1.9,80.8,0.5,2.8,3.3,3.5,0.2,1.0,2.1,1.6,13.5
Clint Capela,3102529,82.0,240.0,26,C,15,16000000.0,Clint Capela,6,Atlanta Hawks,,338.0,278.0,26.0,5.3,8.3,63.4,0.0,0.0,0.0,1.6,3.1,52.2,3.3,6.5,9.7,1.0,1.5,0.7,2.5,1.2,12.2
John Collins,3908845,81.0,235.0,23,PF,20,4137302.0,John Collins,3,Atlanta Hawks,,182.0,132.0,28.2,6.4,11.3,57.0,0.7,2.0,36.5,2.6,3.4,76.3,2.9,5.9,8.8,1.6,1.1,0.6,3.2,1.7,16.2
Bruno Fernando,4277952,81.0,240.0,22,PF,24,1517981.0,Bruno Fernando,1,Atlanta Hawks,,62.0,13.0,12.5,1.7,3.4,51.4,0.1,0.6,13.2,0.5,0.9,57.4,1.2,2.5,3.7,0.9,0.3,0.3,1.8,0.8,4.0
Danilo Gallinari,3428,82.0,233.0,32,PF,8,19500000.0,Danilo Gallinari,11,Atlanta Hawks,,613.0,542.0,30.9,4.9,11.4,42.7,2.0,5.2,38.1,4.4,5.0,87.3,0.7,4.2,4.9,2.0,0.4,0.8,1.8,1.3,16.1
Brandon Goodwin,3057198,72.0,180.0,25,PG,0,1701593.0,Brandon Goodwin,2,Atlanta Hawks,,54.0,1.0,10.0,1.6,4.2,38.4,0.6,1.9,30.7,0.7,0.8,86.7,0.2,1.2,1.5,1.4,0.1,0.2,1.0,0.6,4.6
Solomon Hill,2488958,78.0,226.0,29,SF,18,1620564.0,Solomon Hill,7,Atlanta Hawks,,370.0,172.0,21.9,2.0,5.1,39.4,0.8,2.4,33.7,1.0,1.3,80.1,0.7,2.5,3.2,1.6,0.2,0.7,1.8,0.9,5.8
Kevin Huerter,4066372,79.0,190.0,22,SG,3,2761920.0,Kevin Huerter,2,Atlanta Hawks,B,137.0,107.0,28.9,4.0,9.6,41.8,2.0,5.2,38.6,0.7,0.9,78.7,0.7,2.9,3.6,3.2,0.4,0.9,2.3,1.5,10.8
Nathan Knight,4067325,82.0,253.0,23,PF,1,0.0,Nathan Knight,0,Atlanta Hawks,L,3.0,0.0,5.0,1.3,2.3,57.1,0.7,1.0,66.7,1.3,1.7,80.0,1.0,1.0,2.0,0.0,0.0,0.0,1.0,1.0,4.7
Skylar Mays,4066269,76.0,205.0,23,SG,4,0.0,Skylar Mays,0,Atlanta Hawks,,2.0,0.0,3.0,0.0,0.5,0.0,0.0,0.5,0.0,0.0,0.0,0.0,0.0,0.0,0.0,0.0,0.0,0.0,0.5,0.0,0.0
Onyeka Okongwu,4431680,81.0,245.0,20,PF,17,5813640.0,Onyeka Okongwu,0,Atlanta Hawks,,,,,,,,,,,,,,,,,,,,,,
Cam Reddish,4395627,80.0,218.0,21,SF,22,4458000.0,Cam Reddish,1,Atlanta Hawks,,64.0,40.0,26.9,3.7,9.5,38.4,1.4,4.2,33.6,1.8,2.3,80.6,0.6,3.2,3.8,1.5,0.5,1.1,2.3,1.6,10.5
Rajon Rondo,3026,73.0,180.0,34,PG,7,7500000.0,Rajon Rondo,14,Atlanta Hawks,,875.0,729.0,31.0,4.3,9.3,45.8,0.4,1.4,31.7,1.2,2.0,60.6,1.0,3.7,4.7,8.3,0.1,1.7,2.2,2.8,10.2
Tony Snell,2528353,78.0,213.0,29,SG,19,12178571.0,Tony Snell,7,Atlanta Hawks,,501.0,275.0,22.5,2.4,5.5,42.8,1.2,3.2,38.5,0.5,0.6,83.8,0.3,2.0,2.3,1.2,0.2,0.5,1.4,0.6,6.5
Trae Young,4277905,73.0,180.0,22,PG,11,6571800.0,Trae Young,2,Atlanta Hawks,,147.0,147.0,32.8,7.6,17.7,42.9,2.5,7.4,34.4,6.0,7.1,84.9,0.7,3.2,4.0,8.6,0.2,0.9,1.7,4.2,23.8
LaMelo Ball,4432816,79.0,181.0,19,PG,2,7839960.0,LaMelo Ball,0,Charlotte Hornets,R,6.0,0.0,23.0,4.0,9.5,42.1,1.8,4.3,42.3,1.7,2.3,71.4,1.5,2.8,4.3,4.2,0.5,1.8,2.7,2.3,11.5
Bismack Biyombo,6427,81.0,255.0,28,C,8,3500000.0,Bismack Biyombo,9,Charlotte Hornets,,642.0,276.0,20.3,2.0,3.8,52.2,0.0,0.0,0.0,1.3,2.2,57.3,2.0,4.3,6.3,0.6,1.3,0.2,2.2,0.9,5.2
Miles Bridges,4066383,79.0,225.0,22,SF,0,3934320.0,Miles Bridges,2,Charlotte Hornets,,151.0,89.0,25.5,3.8,8.7,44.0,1.2,3.5,33.0,1.1,1.4,79.2,1.1,3.7,4.8,1.5,0.7,0.7,1.7,1.0,9.9
Nate Darling,4067069,77.0,200.0,22,SG,30,0.0,Nate Darling,0,Charlotte Hornets,,,,,,,,,,,,,,,,,,,,,,
Gordon Hayward,4249,79.0,225.0,30,SF,20,28500000.0,Gordon Hayward,10,Charlotte Hornets,,647.0,485.0,30.9,5.3,11.7,45.1,1.3,3.6,36.6,3.5,4.2,82.4,0.7,3.7,4.4,3.5,0.4,1.0,1.8,2.0,15.3
Caleb Martin,3138160,79.0,205.0,25,SF,10,1517981.0,Caleb Martin,1,Charlotte Hornets,,23.0,1.0,17.1,2.3,4.9,46.4,1.0,2.0,51.1,0.9,1.1,76.9,0.5,1.7,2.2,1.3,0.3,0.8,1.6,0.7,6.4
Cody Martin,3138161,79.0,205.0,25,SF,11,1173310.0,Cody Martin,1,Charlotte Hornets,,53.0,3.0,18.5,1.8,4.2,43.7,0.3,1.5,22.2,0.8,1.3,64.2,0.8,2.5,3.3,2.0,0.2,0.8,1.5,0.9,4.8
Jalen McDaniels,4066731,82.0,205.0,22,PF,6,1517981.0,Jalen McDaniels,1,Charlotte Hornets,,22.0,0.0,16.2,1.9,4.0,47.7,0.5,1.3,35.7,0.9,1.2,76.9,0.8,2.8,3.6,0.8,0.1,0.4,2.0,0.9,5.2
Malik Monk,4066262,75.0,200.0,22,SG,1,5345687.0,Malik Monk,3,Charlotte Hornets,L,191.0,1.0,17.2,3.1,7.8,39.5,1.3,4.1,32.2,1.1,1.3,85.0,0.3,1.6,1.9,1.7,0.2,0.4,1.3,1.1,8.6
Nick Richards,4278076,83.0,247.0,23,C,14,1000000.0,Nick Richards,0,Charlotte Hornets,,2.0,0.0,2.5,0.5,0.5,100.0,0.0,0.0,0.0,0.0,0.0,0.0,0.0,0.5,0.5,0.0,0.0,0.0,0.5,0.0,1.0
Grant Riller,3912295,75.0,190.0,23,PG,7,0.0,Grant Riller,0,Charlotte Hornets,,,,,,,,,,,,,,,,,,,,,,
Terry Rozier,3074752,73.0,190.0,26,PG,3,18900000.0,Terry Rozier,5,Charlotte Hornets,B,341.0,99.0,22.8,3.5,8.9,39.7,1.6,4.2,37.4,1.3,1.6,81.2,0.6,3.1,3.7,2.7,0.2,0.8,1.3,1.1,9.9
Cody Zeller,2579258,84.0,240.0,28,PF,40,15415730.0,Cody Zeller,7,Charlotte Hornets,,420.0,253.0,22.9,3.2,6.3,51.3,0.1,0.3,24.3,2.1,2.9,73.0,2.0,4.0,5.9,1.4,0.7,0.7,2.6,1.1,8.6
Precious Achiuwa,4431679,80.0,235.0,21,PF,5,2582160.0,Precious Achiuwa,0,Miami Heat,,5.0,0.0,15.0,3.2,5.0,64.0,0.0,0.0,0.0,1.4,2.8,50.0,1.4,2.8,4.2,0.6,0.4,0.2,2.6,1.4,7.8
Bam Adebayo,4066261,81.0,255.0,23,C,13,5115492.0,Bam Adebayo,3,Miami Heat,,228.0,124.0,25.7,4.1,7.3,55.6,0.0,0.2,13.9,2.6,3.6,71.4,2.0,5.6,7.7,3.0,0.9,0.8,2.3,1.8,10.7
Avery Bradley,4240,75.0,190.0,30,PG,11,5635000.0,Avery Bradley,10,Miami Heat,,575.0,494.0,28.2,4.7,10.8,43.7,1.3,3.6,36.5,1.0,1.3,78.0,0.6,2.3,2.9,1.8,0.2,1.0,2.2,1.4,11.8
Jimmy Butler,6430,79.0,230.0,31,SF,22,34379100.0,Jimmy Butler,9,Miami Heat,,584.0,479.0,33.0,5.5,12.1,45.3,0.9,2.6,33.3,5.1,6.1,83.5,1.5,3.6,5.1,3.7,0.5,1.6,1.4,1.5,17.0
Goran Dragic,3423,75.0,190.0,34,PG,7,18000000.0,Goran Dragic,12,Miami Heat,,822.0,511.0,28.0,5.1,11.0,46.4,1.2,3.3,36.2,2.5,3.3,76.4,0.7,2.3,3.1,4.8,0.2,1.0,2.3,2.3,13.9
Maurice Harkless,6591,79.0,210.0,27,SF,8,3623000.0,Maurice Harkless,8,Miami Heat,,542.0,327.0,22.9,2.8,5.9,47.8,0.6,1.8,32.5,0.8,1.4,61.2,1.2,2.5,3.7,0.9,0.7,1.0,2.0,0.9,7.1
Udonis Haslem,2184,80.0,235.0,40,PF,40,1620564.0,Udonis Haslem,17,Miami Heat,,858.0,500.0,25.1,3.1,6.3,48.9,0.0,0.1,8.6,1.4,1.9,75.5,1.9,4.8,6.7,0.8,0.3,0.5,2.4,0.9,7.6
Tyler Herro,4395725,77.0,200.0,20,SG,14,2582160.0,Tyler Herro,1,Miami Heat,,60.0,13.0,27.9,5.0,11.6,43.3,2.1,5.4,38.5,1.6,1.8,86.4,0.3,3.9,4.2,2.4,0.2,0.6,1.4,1.7,13.7
Andre Iguodala,2386,78.0,215.0,36,SG,28,15000000.0,Andre Iguodala,16,Miami Heat,,1133.0,781.0,33.1,4.3,9.3,46.5,0.9,2.7,33.3,2.5,3.5,70.9,0.9,4.1,5.1,4.3,0.5,1.5,1.8,1.9,12.0
Meyers Leonard,6605,84.0,260.0,28,F,0,9400000.0,Meyers Leonard,8,Miami Heat,,446.0,93.0,16.0,2.1,4.5,48.2,0.7,1.9,39.1,0.6,0.7,81.1,0.7,3.2,3.9,0.9,0.3,0.2,2.2,0.7,5.6
Kendrick Nunn,3056247,74.0,190.0,25,SG,25,1663861.0,Kendrick Nunn,1,Miami Heat,,71.0,67.0,28.4,5.7,13.2,43.5,1.9,5.6,34.7,1.2,1.5,85.4,0.3,2.3,2.6,3.2,0.2,0.8,2.2,1.6,14.7
KZ Okpala,4278521,80.0,215.0,21,SF,4,1517981.0,KZ Okpala,1,Miami Heat,,7.0,0.0,7.7,0.6,1.3,44.4,0.0,0.6,0.0,0.3,0.6,50.0,0.3,1.0,1.3,0.1,0.1,0.4,0.4,0.1,1.4
Kelly Olynyk,2489663,83.0,240.0,29,F,9,12598243.0,Kelly Olynyk,7,Miami Heat,,504.0,103.0,21.3,3.5,7.4,47.5,1.1,3.1,37.2,1.5,1.9,77.4,1.2,3.7,4.8,1.9,0.5,0.7,2.8,1.4,9.7
Duncan Robinson,3157465,79.0,215.0,26,F,55,1663861.0,Duncan Robinson,2,Miami Heat,,93.0,74.0,26.6,3.8,8.3,46.3,3.2,7.3,43.5,0.9,1.0,89.9,0.1,2.8,2.9,1.2,0.2,0.5,2.3,0.9,11.7
Chris Silva,3923253,80.0,230.0,24,PF,30,1517981.0,Chris Silva,1,Miami Heat,,46.0,0.0,7.7,1.0,1.7,61.5,0.0,0.1,0.0,0.8,1.2,68.4,1.3,1.4,2.7,0.5,0.5,0.2,1.9,0.7,2.9
Max Strus,4065778,77.0,220.0,24,SG,31,898310.0,Max Strus,1,Miami Heat,,3.0,0.0,6.0,1.7,2.7,62.5,0.3,1.3,25.0,0.3,0.3,100.0,0.3,0.0,0.3,0.3,0.0,0.0,0.3,0.0,4.0
Gabe Vincent,3137259,75.0,195.0,24,PG,2,0.0,Gabe Vincent,1,Miami Heat,R,10.0,0.0,9.8,1.0,4.3,23.3,0.8,3.2,25.0,0.1,0.1,100.0,0.0,0.7,0.7,0.8,0.0,0.5,1.0,0.1,2.9
Cole Anthony,4432809,75.0,190.0,20,PG,50,3285120.0,Cole Anthony,0,Orlando Magic,,6.0,0.0,19.8,2.8,9.2,30.9,0.5,2.5,20.0,2.5,2.5,100.0,1.5,3.5,5.0,3.3,0.0,0.5,1.7,0.8,8.7
Dwayne Bacon,3907821,78.0,221.0,25,SG,8,1678854.0,Dwayne Bacon,3,Orlando Magic,,141.0,36.0,16.3,2.1,5.2,40.5,0.5,1.5,34.1,0.7,0.9,72.1,0.2,2.2,2.4,1.0,0.1,0.4,1.3,0.6,5.4
Mo Bamba,4277919,84.0,250.0,22,C,5,5969040.0,Mo Bamba,2,Orlando Magic,,109.0,1.0,15.1,2.3,4.9,47.1,0.5,1.6,32.8,0.6,1.0,62.4,1.5,3.4,4.9,0.7,1.4,0.3,2.0,0.8,5.7
Khem Birch,2578240,81.0,230.0,28,C,24,3000000.0,Khem Birch,3,Orlando Magic,,146.0,25.0,15.4,1.7,3.1,54.5,0.0,0.0,0.0,1.2,1.8,68.8,1.7,2.5,4.2,0.9,0.5,0.4,1.6,0.5,4.6
Jordan Bone,4066212,75.0,185.0,23,PG,23,0.0,Jordan Bone,1,Orlando Magic,,11.0,0.0,5.6,0.6,2.2,29.2,0.2,1.0,18.2,0.0,0.0,0.0,0.1,0.5,0.5,0.8,0.0,0.1,0.5,0.2,1.5
Gary Clark,3132042,78.0,225.0,26,PF,12,2000000.0,Gary Clark,2,Orlando Magic,,96.0,7.0,13.0,1.1,3.0,36.2,0.8,2.6,31.5,0.2,0.2,94.4,0.7,1.8,2.5,0.4,0.5,0.3,1.0,0.2,3.2
Evan Fournier,6588,79.0,205.0,28,SG,10,17150000.0,Evan Fournier,8,Orlando Magic,,528.0,386.0,28.4,5.1,11.3,45.0,1.8,4.8,37.5,2.2,2.7,80.8,0.4,2.3,2.7,2.6,0.1,0.9,2.4,1.6,14.1
Markelle Fultz,4066636,76.0,209.0,22,PG,20,12288697.0,Markelle Fultz,3,Orlando Magic,,111.0,81.0,25.7,4.6,10.2,44.8,0.4,1.5,26.7,1.5,2.1,69.4,0.7,2.6,3.3,4.6,0.2,1.1,2.1,1.8,11.0
Aaron Gordon,3064290,81.0,235.0,25,PF,00,18136364.0,Aaron Gordon,6,Orlando Magic,,409.0,320.0,28.5,4.8,10.7,44.8,1.1,3.4,31.6,2.0,2.9,70.0,1.6,4.8,6.4,2.4,0.6,0.8,2.0,1.4,12.8
Jonathan Isaac,4065654,82.0,230.0,23,PF,1,7362566.0,Jonathan Isaac,3,Orlando Magic,L,136.0,106.0,25.8,3.5,8.0,43.5,1.0,3.0,33.0,1.4,1.7,79.7,1.3,4.2,5.4,1.1,1.5,1.1,2.0,1.1,9.3
Karim Mane,4432528,77.0,185.0,20,SG,4,0.0,Karim Mane,0,Orlando Magic,,1.0,0.0,19.0,0.0,3.0,0.0,0.0,0.0,0.0,0.0,0.0,0.0,0.0,4.0,4.0,0.0,0.0,0.0,1.0,0.0,0.0
Chuma Okeke,4278052,80.0,230.0,22,PF,3,3121080.0,Chuma Okeke,0,Orlando Magic,B,5.0,0.0,18.2,1.0,2.8,35.7,0.4,1.4,28.6,0.6,1.2,50.0,1.0,1.6,2.6,1.6,0.2,0.6,0.4,0.6,3.0
Terrence Ross,6619,79.0,206.0,29,SG,31,13500000.0,Terrence Ross,8,Orlando Magic,,566.0,176.0,24.7,4.1,9.7,42.1,1.9,5.2,37.1,1.1,1.3,83.1,0.4,2.5,2.8,1.1,0.3,0.9,1.7,0.9,11.1
Nikola Vucevic,6478,84.0,260.0,30,C,9,26000000.0,Nikola Vucevic,9,Orlando Magic,,604.0,543.0,30.3,7.0,14.0,49.9,0.5,1.4,34.0,1.6,2.2,74.5,2.7,7.6,10.2,2.6,0.9,0.9,2.5,1.7,16.2
Deni Avdija,4683021,81.0,210.0,19,SF,9,4469160.0,Deni Avdija,0,Washington Wizards,,7.0,7.0,24.7,2.6,5.3,48.6,1.6,3.3,47.8,0.4,0.7,60.0,0.4,4.1,4.6,2.4,0.3,1.3,2.7,0.7,7.1
Bradley Beal,6580,75.0,207.0,27,SG,3,28751775.0,Bradley Beal,8,Washington Wizards,B,552.0,518.0,34.6,7.7,17.0,45.2,2.3,6.0,37.9,3.5,4.3,80.8,0.8,3.2,4.0,4.0,0.4,1.1,2.2,2.3,21.1
Davis Bertans,6426,82.0,225.0,28,SF,42,15000000.0,Davis Bertans,4,Washington Wizards,,281.0,32.0,18.7,2.7,6.1,43.8,1.9,4.6,40.8,0.9,1.0,85.0,0.4,2.4,2.8,1.1,0.4,0.4,1.6,0.6,8.1
Isaac Bonga,4348697,80.0,180.0,21,SF,17,1663861.0,Isaac Bonga,2,Washington Wizards,,93.0,53.0,15.5,1.4,3.0,46.8,0.3,0.9,34.1,0.8,1.1,77.2,0.9,1.9,2.8,1.0,0.3,0.6,1.9,0.7,4.0
Thomas Bryant,3934723,82.0,248.0,23,C,13,8333333.0,Thomas Bryant,3,Washington Wizards,,140.0,96.0,20.9,4.4,7.3,60.1,0.6,1.6,36.7,1.5,2.0,74.7,1.6,4.4,6.1,1.4,0.9,0.4,1.9,0.9,10.8
Anthony Gill,2581184,80.0,230.0,28,PF,16,898310.0,Anthony Gill,0,Washington Wizards,,2.0,0.0,4.0,0.5,0.5,100.0,0.5,0.5,100.0,0.0,0.0,0.0,0.0,0.0,0.0,0.0,0.0,0.5,0.0,0.0,1.5
Rui Hachimura,4066648,80.0,230.0,22,PF,8,4692840.0,Rui Hachimura,1,Washington Wizards,,51.0,51.0,29.8,5.3,11.2,46.9,0.5,1.8,29.3,2.5,3.1,81.6,1.6,4.4,6.0,1.9,0.2,0.8,2.2,1.1,13.6
Robin Lopez,3447,84.0,281.0,32,C,42,7300000.0,Robin Lopez,12,Washington Wizards,,839.0,585.0,22.3,3.7,6.9,52.9,0.1,0.2,30.0,1.4,1.8,74.7,2.3,2.8,5.0,0.8,1.2,0.2,2.0,1.1,8.7
Garrison Mathews,3913180,79.0,204.0,24,SG,24,0.0,Garrison Mathews,1,Washington Wizards,,20.0,0.0,11.9,1.3,3.0,41.7,1.0,2.5,40.0,1.6,1.7,91.2,0.3,1.0,1.3,0.6,0.1,0.4,1.6,0.4,5.1
Raul Neto,2968361,73.0,180.0,28,PG,19,1620564.0,Raul Neto,5,Washington Wizards,,260.0,59.0,13.9,1.9,4.2,45.1,0.6,1.6,38.4,0.6,0.8,78.9,0.2,1.1,1.3,1.9,0.1,0.5,1.2,0.9,5.0
Anzejs Pasecniks,3893059,86.0,229.0,25,C,18,1517981.0,Anzejs Pasecniks,1,Washington Wizards,,28.0,0.0,15.8,2.2,4.2,52.1,0.0,0.1,0.0,1.2,2.1,58.6,1.5,2.3,3.9,0.7,0.4,0.3,2.8,1.0,5.6
Jerome Robinson,3943606,76.0,190.0,23,SG,12,3737520.0,Jerome Robinson,2,Washington Wizards,,100.0,6.0,13.6,1.6,4.4,37.7,0.7,2.2,31.9,0.5,0.7,71.0,0.2,1.6,1.8,1.1,0.2,0.4,1.7,0.7,4.5
Ish Smith,4305,72.0,175.0,32,PG,14,6000000.0,Ish Smith,10,Washington Wizards,,617.0,165.0,20.1,3.3,7.7,42.9,0.4,1.3,32.0,0.8,1.1,68.1,0.4,2.1,2.5,3.9,0.2,0.7,1.3,1.3,7.8
Moritz Wagner,3150844,83.0,245.0,23,C,21,2161920.0,Moritz Wagner,2,Washington Wizards,,90.0,10.0,14.4,2.4,4.9,49.8,0.5,1.8,30.4,1.3,1.6,81.8,0.8,2.6,3.4,0.9,0.4,0.4,2.4,1.2,6.8
Russell Westbrook,3468,75.0,200.0,32,PG,4,41358814.0,Russell Westbrook,12,Washington Wizards,,883.0,865.0,34.6,8.2,18.8,43.7,1.1,3.7,30.4,5.7,7.1,79.9,1.7,5.4,7.1,8.3,0.3,1.7,2.6,4.1,23.2
Cassius Winston,4066382,73.0,185.0,22,PG,5,0.0,Cassius Winston,0,Washington Wizards,,,,,,,,,,,,,,,,,,,,,,
Tyler Bey,4278502,79.0,216.0,22,SG,2,0.0,Tyler Bey,0,Dallas Mavericks,R,,,,,,,,,,,,,,,,,,,,,
Jalen Brunson,3934672,73.0,190.0,24,PG,13,1663861.0,Jalen Brunson,2,Dallas Mavericks,,136.0,55.0,20.1,3.5,7.4,47.0,0.8,2.3,35.1,1.2,1.6,76.8,0.3,2.0,2.4,3.2,0.1,0.5,1.5,1.2,9.0
Trey Burke,2579260,72.0,185.0,28,PG,3,3000000.0,Trey Burke,7,Dallas Mavericks,B,400.0,129.0,22.9,4.1,9.9,41.0,1.2,3.5,34.5,1.2,1.5,80.1,0.4,1.6,2.0,3.5,0.1,0.6,1.4,1.3,10.5
Luka Doncic,3945274,79.0,230.0,21,PG,77,8049360.0,Luka Doncic,2,Dallas Mavericks,,138.0,138.0,32.8,8.2,18.4,44.5,2.5,7.9,31.7,5.8,7.9,73.9,1.2,7.3,8.5,7.2,0.3,1.0,2.2,3.8,24.7
Josh Green,4432811,78.0,210.0,20,SG,8,2816760.0,Josh Green,0,Dallas Mavericks,,5.0,0.0,6.0,0.4,0.8,50.0,0.0,0.0,0.0,0.4,0.4,100.0,0.4,0.6,1.0,0.4,0.0,0.0,0.0,0.4,1.2
Nate Hinton,4396629,77.0,210.0,21,SG,14,0.0,Nate Hinton,0,Dallas Mavericks,,1.0,0.0,0.0,0.0,1.0,0.0,0.0,1.0,0.0,0.0,0.0,0.0,0.0,0.0,0.0,0.0,0.0,0.0,0.0,0.0,0.0
Wes Iwundu,3074797,79.0,195.0,26,SF,25,1678854.0,Wes Iwundu,3,Dallas Mavericks,,185.0,46.0,17.4,1.7,4.0,42.0,0.4,1.1,31.9,1.1,1.3,79.1,0.5,1.9,2.4,1.0,0.3,0.5,1.5,0.5,4.8
James Johnson,3999,79.0,240.0,33,PF,16,16047100.0,James Johnson,11,Dallas Mavericks,,640.0,220.0,20.6,3.1,6.6,47.6,0.5,1.6,31.0,1.2,1.7,69.2,0.8,2.8,3.6,2.1,0.9,0.8,2.2,1.5,7.9
Maxi Kleber,2960236,82.0,240.0,28,PF,42,8325000.0,Maxi Kleber,3,Dallas Mavericks,,223.0,74.0,21.3,2.6,5.5,46.6,1.1,3.1,35.9,0.9,1.1,80.8,1.2,3.1,4.4,1.0,1.0,0.4,2.0,0.7,7.2
Boban Marjanovic,4376,88.0,290.0,32,C,51,3500000.0,Boban Marjanovic,5,Dallas Mavericks,,234.0,22.0,9.7,2.3,4.0,58.1,0.0,0.1,27.6,1.5,2.0,76.7,1.4,2.6,4.0,0.5,0.4,0.2,1.2,0.7,6.2
Dwight Powell,2531367,82.0,240.0,29,C,7,11080125.0,Dwight Powell,6,Dallas Mavericks,,377.0,94.0,18.8,2.8,5.1,56.3,0.3,0.9,29.4,1.7,2.3,73.8,1.5,3.1,4.6,1.0,0.5,0.7,2.1,0.7,7.7
Josh Richardson,2581190,77.0,200.0,27,SG,0,10865952.0,Josh Richardson,5,Dallas Mavericks,,320.0,249.0,30.7,4.5,10.7,42.6,1.6,4.4,36.3,1.7,2.1,81.9,0.7,2.5,3.2,2.9,0.7,1.1,2.5,1.5,12.4
Tyrell Terry,4431747,74.0,170.0,20,PG,1,1289846.0,Tyrell Terry,0,Dallas Mavericks,L,4.0,0.0,3.5,0.3,1.3,20.0,0.0,0.8,0.0,0.0,0.3,0.0,0.0,0.3,0.3,0.5,0.0,0.3,0.3,0.0,0.5
Sterling Brown,3057187,77.0,219.0,25,SG,0,1620564.0,Sterling Brown,3,Houston Rockets,,168.0,12.0,15.9,2.0,4.7,42.4,0.8,2.3,35.5,0.5,0.6,77.4,0.5,2.6,3.1,1.0,0.2,0.5,1.4,0.7,5.3
Bruno Caboclo,3113297,81.0,218.0,25,SF,5,2028594.0,Bruno Caboclo,6,Houston Rockets,,101.0,20.0,12.7,1.6,3.9,39.7,0.6,2.0,31.0,0.5,0.6,84.6,0.8,1.8,2.6,0.7,0.6,0.4,1.3,0.7,4.3
Chris Clemons,3906603,69.0,180.0,23,PG,3,1517981.0,Chris Clemons,1,Houston Rockets,B,33.0,0.0,8.8,1.7,4.3,40.1,1.1,3.2,34.6,0.3,0.3,90.9,0.1,0.8,0.9,0.8,0.2,0.3,0.8,0.6,4.9
DeMarcus Cousins,4258,82.0,270.0,30,C,15,1620564.0,DeMarcus Cousins,9,Houston Rockets,,567.0,543.0,31.9,7.6,16.4,46.1,0.6,1.8,33.2,5.5,7.4,73.7,2.8,8.1,10.8,3.2,1.2,1.4,3.8,3.5,21.2
Eric Gordon,3431,75.0,215.0,32,SG,10,16869276.0,Eric Gordon,12,Houston Rockets,,667.0,511.0,32.8,5.6,13.3,42.5,2.3,6.3,36.9,3.0,3.7,81.2,0.4,2.1,2.5,2.8,0.3,0.9,2.0,2.0,16.6
James Harden,3992,77.0,220.0,31,SG,13,41254920.0,James Harden,11,Houston Rockets,,836.0,623.0,34.3,7.4,16.7,44.4,2.8,7.7,36.4,7.6,8.8,85.8,0.8,4.6,5.3,6.3,0.5,1.6,2.6,3.7,25.2
Mason Jones,4395704,77.0,200.0,22,SG,9,0.0,Mason Jones,0,Houston Rockets,,,,,,,,,,,,,,,,,,,,,,
Ben McLemore,2578213,75.0,195.0,27,G,16,2283034.0,Ben McLemore,7,Houston Rockets,,439.0,257.0,23.6,3.2,7.7,42.1,1.4,3.9,36.6,1.1,1.5,77.9,0.4,2.0,2.4,1.1,0.2,0.7,2.2,1.2,9.0
David Nwaba,3062744,77.0,219.0,27,SG,0,1824003.0,David Nwaba,4,Houston Rockets,,164.0,39.0,20.5,2.6,5.3,49.0,0.3,1.0,33.9,1.5,2.2,66.2,1.0,2.7,3.7,1.1,0.4,0.7,2.1,0.8,7.0
Brodric Thomas,4407254,77.0,185.0,23,SG,33,0.0,Brodric Thomas,0,Houston Rockets,,2.0,0.0,9.0,0.5,2.0,25.0,0.0,1.5,0.0,1.5,2.5,60.0,0.5,1.0,1.5,2.0,0.0,0.0,2.5,1.5,2.5
John Wall,4237,76.0,210.0,30,PG,1,41254920.0,John Wall,9,Houston Rockets,L,575.0,563.0,35.9,6.9,15.9,43.3,0.9,2.9,32.3,4.3,5.5,78.1,0.6,3.8,4.3,9.2,0.7,1.7,2.2,3.8,19.0
Christian Wood,3058254,82.0,223.0,25,PF,35,13015873.0,Christian Wood,4,Houston Rockets,,117.0,18.0,16.9,3.6,6.6,54.7,0.6,1.7,36.7,2.2,3.0,72.9,1.3,3.6,5.0,0.7,0.7,0.5,1.3,1.0,10.0
Grayson Allen,3135045,76.0,198.0,25,SG,3,2545320.0,Grayson Allen,2,Memphis Grizzlies,B,81.0,6.0,15.3,2.3,5.6,41.6,1.1,3.2,35.8,1.1,1.4,80.7,0.2,1.3,1.5,1.1,0.1,0.2,1.3,0.9,7.0
Kyle Anderson,2993874,80.0,230.0,27,F,1,9505100.0,Kyle Anderson,6,Memphis Grizzlies,L,373.0,174.0,19.8,2.2,4.6,48.6,0.2,0.8,30.8,0.9,1.2,70.5,0.7,3.3,4.0,2.0,0.5,0.9,1.4,0.9,5.6
Desmond Bane,4066320,78.0,215.0,22,SG,22,1936440.0,Desmond Bane,0,Memphis Grizzlies,,6.0,0.0,23.0,3.5,7.3,47.7,2.3,4.7,50.0,0.2,0.3,50.0,0.7,1.8,2.5,1.0,0.0,0.7,2.3,1.2,9.5
Dillon Brooks,3155526,79.0,220.0,24,SG,24,11400000.0,Dillon Brooks,3,Memphis Grizzlies,,179.0,153.0,27.8,4.8,11.6,41.8,1.5,4.2,35.6,1.8,2.3,78.2,0.8,2.4,3.1,1.8,0.3,0.9,3.3,1.6,13.0
Brandon Clarke,3906665,80.0,210.0,24,PF,15,2602920.0,Brandon Clarke,1,Memphis Grizzlies,,64.0,6.0,22.8,5.0,8.5,59.7,0.4,1.2,32.9,1.4,2.0,71.9,1.6,4.3,5.9,1.4,0.8,0.5,1.7,0.9,11.9
Gorgui Dieng,2534781,82.0,252.0,30,C,14,17287640.0,Gorgui Dieng,7,Memphis Grizzlies,,521.0,204.0,22.0,3.0,6.0,50.0,0.2,0.7,34.5,1.6,2.0,78.9,1.8,4.3,6.1,1.4,1.0,0.8,2.3,1.2,7.9
Tyus Jones,3135046,72.0,196.0,24,PG,21,8817143.0,Tyus Jones,5,Memphis Grizzlies,,318.0,43.0,18.1,2.1,5.0,43.0,0.6,1.6,33.9,0.7,0.9,80.2,0.2,1.4,1.6,3.6,0.1,1.0,1.0,0.7,5.6
John Konchar,3134932,77.0,210.0,24,SG,46,2100000.0,John Konchar,1,Memphis Grizzlies,,24.0,0.0,11.6,1.4,2.5,56.7,0.3,0.8,44.4,0.3,0.3,87.5,1.0,2.0,2.9,1.5,0.2,0.6,0.5,0.3,3.5
Sean McDermott,3908903,78.0,195.0,24,SG,30,0.0,Sean McDermott,0,Memphis Grizzlies,,3.0,0.0,14.0,0.7,2.3,28.6,0.3,1.7,20.0,0.7,0.7,100.0,0.7,0.3,1.0,1.0,0.0,0.0,0.3,1.0,2.3
Ja Morant,4279888,75.0,175.0,21,PG,12,9166800.0,Ja Morant,1,Memphis Grizzlies,,70.0,70.0,30.8,6.8,14.2,48.1,0.9,2.7,33.5,3.6,4.7,78.0,0.8,3.0,3.8,7.2,0.3,0.9,1.7,3.2,18.2
Jontay Porter,4278103,82.0,236.0,21,PF,4,1900000.0,Jontay Porter,0,Memphis Grizzlies,,,,,,,,,,,,,,,,,,,,,,
Killian Tillie,4066651,82.0,220.0,22,C,35,0.0,Killian Tillie,0,Memphis Grizzlies,,,,,,,,,,,,,,,,,,,,,,
Xavier Tillman,4277964,80.0,245.0,21,PF,2,1300000.0,Xavier Tillman,0,Memphis Grizzlies,R,1.0,0.0,17.0,3.0,3.0,100.0,0.0,0.0,0.0,0.0,0.0,0.0,1.0,5.0,6.0,0.0,0.0,0.0,1.0,0.0,6.0
Jonas Valanciunas,6477,83.0,265.0,28,C,17,15000000.0,Jonas Valanciunas,8,Memphis Grizzlies,,565.0,537.0,25.3,4.9,8.8,56.2,0.1,0.4,35.7,2.4,3.1,77.9,2.6,6.3,8.9,0.9,1.0,0.4,2.8,1.6,12.5
Justise Winslow,3135047,78.0,225.0,24,PF,7,13000000.0,Justise Winslow,5,Memphis Grizzlies,,241.0,105.0,28.4,3.6,8.5,41.7,0.8,2.3,33.7,1.2,1.8,64.6,1.0,4.3,5.4,2.7,0.4,0.9,2.5,1.5,9.0
Steven Adams,2991235,83.0,265.0,27,C,12,29592696.0,Steven Adams,7,New Orleans Pelicans,,536.0,472.0,26.8,4.1,6.9,58.9,0.0,0.0,10.0,1.6,3.0,55.6,3.4,4.2,7.6,1.2,1.0,0.9,2.6,1.4,9.8
Lonzo Ball,4066421,78.0,190.0,23,PG,2,11003782.0,Lonzo Ball,3,New Orleans Pelicans,R,168.0,155.0,32.3,4.1,10.6,39.0,1.9,5.7,33.9,0.6,1.2,49.0,1.2,4.9,6.1,6.5,0.6,1.5,2.2,2.7,10.8
Eric Bledsoe,4238,73.0,214.0,31,PG,5,16875000.0,Eric Bledsoe,10,New Orleans Pelicans,,637.0,475.0,27.8,5.0,11.0,45.7,1.1,3.2,33.7,3.0,3.8,79.3,0.8,3.2,4.0,4.8,0.5,1.4,2.0,2.6,14.2
Wenyen Gabriel,4066264,81.0,205.0,23,PF,32,1620564.0,Wenyen Gabriel,1,New Orleans Pelicans,,30.0,1.0,7.8,0.7,1.6,43.8,0.2,0.7,30.0,0.5,0.7,68.2,0.7,1.0,1.7,0.3,0.2,0.4,1.3,0.5,2.1
Josh Hart,3062679,77.0,215.0,25,SG,3,3491159.0,Josh Hart,3,New Orleans Pelicans,B,201.0,61.0,25.4,3.0,7.0,43.0,1.5,4.2,35.2,1.1,1.5,71.1,0.7,4.2,4.9,1.4,0.4,0.9,2.1,0.9,8.6
Jaxson Hayes,4397077,83.0,220.0,20,C,10,5105160.0,Jaxson Hayes,1,New Orleans Pelicans,,70.0,14.0,16.4,2.5,3.8,66.0,0.0,0.1,25.0,1.8,2.8,65.2,1.5,2.6,4.1,0.9,0.8,0.4,2.5,0.8,6.9
Willy Hernangomez,2999409,83.0,250.0,26,C,9,1620564.0,Willy Hernangomez,4,New Orleans Pelicans,,210.0,26.0,14.3,2.7,5.1,53.0,0.1,0.4,33.0,1.4,2.0,68.2,1.9,3.5,5.4,1.0,0.4,0.4,1.6,1.1,6.9
Brandon Ingram,3913176,79.0,190.0,23,SF,14,27285000.0,Brandon Ingram,4,New Orleans Pelicans,,258.0,219.0,32.2,6.0,13.1,46.0,1.1,3.1,36.3,3.4,4.6,72.5,0.8,4.3,5.1,3.3,0.6,0.7,2.5,2.3,16.5
Will Magnay,4278783,82.0,234.0,22,PF,25,0.0,Will Magnay,0,New Orleans Pelicans,,,,,,,,,,,,,,,,,,,,,,
Naji Marshall,4278594,79.0,220.0,22,SF,8,0.0,Naji Marshall,0,New Orleans Pelicans,,,,,,,,,,,,,,,,,,,,,,
Nicolo Melli,4341,81.0,236.0,29,PF,20,4102564.0,Nicolo Melli,1,New Orleans Pelicans,,65.0,8.0,16.9,2.1,5.2,41.4,1.1,3.3,32.9,0.9,1.2,74.0,0.6,2.4,3.0,1.4,0.4,0.6,2.0,0.8,6.2
JJ Redick,3024,75.0,200.0,36,SG,4,13013700.0,JJ Redick,14,New Orleans Pelicans,,902.0,488.0,25.9,4.3,9.7,44.7,2.1,5.1,41.5,2.2,2.5,89.1,0.2,1.9,2.1,2.0,0.1,0.5,1.5,1.1,13.0
Sindarius Thornwell,3064539,76.0,215.0,26,SG,15,1620564.0,Sindarius Thornwell,3,New Orleans Pelicans,,141.0,17.0,10.7,0.9,2.1,42.0,0.2,0.6,34.6,0.6,0.9,68.3,0.3,1.1,1.3,0.6,0.2,0.5,1.2,0.5,2.6
Zion Williamson,4395628,78.0,284.0,20,SF,1,10245480.0,Zion Williamson,1,New Orleans Pelicans,L,30.0,30.0,28.4,8.5,14.7,57.7,0.2,0.5,37.5,4.7,7.5,62.8,2.8,3.8,6.6,1.9,0.4,0.8,1.9,2.5,21.9
LaMarcus Aldridge,2983,83.0,265.0,35,PF,12,24000000.0,LaMarcus Aldridge,14,San Antonio Spurs,,1006.0,965.0,34.4,7.9,16.1,49.1,0.2,0.6,30.9,3.6,4.4,81.1,2.7,5.7,8.3,2.0,1.1,0.7,2.5,1.6,19.5
DeMar DeRozan,3978,79.0,220.0,31,SG,10,27739975.0,DeMar DeRozan,11,San Antonio Spurs,,826.0,814.0,34.1,7.2,15.7,45.8,0.4,1.5,28.5,5.2,6.3,82.9,0.7,3.6,4.4,3.6,0.3,1.0,2.3,2.1,20.1
Drew Eubanks,3914285,82.0,245.0,23,PF,14,1620564.0,Drew Eubanks,2,San Antonio Spurs,,48.0,3.0,9.2,1.3,2.2,57.5,0.0,0.0,100.0,0.7,0.9,79.1,0.7,2.0,2.8,0.5,0.6,0.2,1.1,0.6,3.3
Rudy Gay,3005,80.0,240.0,34,SF,22,14500000.0,Rudy Gay,14,San Antonio Spurs,,952.0,776.0,33.1,6.5,14.2,45.5,1.0,3.0,34.6,3.1,3.9,79.9,1.4,4.5,5.9,2.2,0.8,1.2,2.4,2.2,17.1
Keldon Johnson,4395723,78.0,210.0,21,SG,3,2048040.0,Keldon Johnson,1,San Antonio Spurs,B,23.0,7.0,20.8,3.8,7.0,55.0,1.0,1.9,51.2,2.3,2.8,81.5,0.8,3.7,4.4,1.3,0.3,1.0,1.8,1.2,10.9
Tre Jones,4395626,75.0,185.0,20,PG,33,898310.0,Tre Jones,0,San Antonio Spurs,,2.0,0.0,5.0,2.0,3.5,57.1,0.0,0.0,0.0,1.5,1.5,100.0,1.5,0.0,1.5,0.5,0.0,0.0,0.0,0.0,5.5
Trey Lyles,3136196,82.0,235.0,25,PF,41,5500000.0,Trey Lyles,5,San Antonio Spurs,,354.0,94.0,17.9,2.8,6.4,43.3,0.9,2.6,34.1,0.9,1.3,70.6,0.8,3.4,4.2,1.1,0.3,0.4,1.4,0.8,7.4
Patty Mills,4004,72.0,180.0,32,PG,8,13535714.0,Patty Mills,11,San Antonio Spurs,,677.0,56.0,19.4,3.2,7.3,43.2,1.6,4.1,39.1,0.9,1.0,85.4,0.3,1.4,1.7,2.3,0.1,0.7,1.3,1.0,8.8
Dejounte Murray,3907497,77.0,180.0,24,PG,5,14286000.0,Dejounte Murray,3,San Antonio Spurs,,191.0,120.0,20.6,3.4,7.6,45.1,0.3,1.0,33.9,1.2,1.6,74.2,1.0,3.8,4.8,3.1,0.3,1.2,1.8,1.6,8.3
Jakob Poeltl,3134908,84.0,240.0,25,C,25,8101852.0,Jakob Poeltl,4,San Antonio Spurs,,285.0,49.0,16.6,2.4,3.8,63.6,0.0,0.0,50.0,0.6,1.2,52.6,2.0,2.9,4.9,1.0,1.0,0.4,2.1,0.8,5.5
Luka Samanic,4423309,83.0,235.0,20,PF,19,2892000.0,Luka Samanic,1,San Antonio Spurs,,5.0,1.0,11.0,1.2,4.2,28.6,0.8,2.0,40.0,0.8,1.2,66.7,0.2,1.8,2.0,1.2,0.4,0.0,1.2,0.4,4.0
Devin Vassell,4395630,79.0,195.0,20,SG,24,4033440.0,Devin Vassell,0,San Antonio Spurs,,5.0,0.0,16.0,1.4,4.2,33.3,0.6,1.4,42.9,0.0,0.0,0.0,0.2,2.8,3.0,1.0,0.4,1.0,1.0,0.6,3.4
Quinndary Weatherspoon,3907358,76.0,205.0,24,SG,15,0.0,Quinndary Weatherspoon,1,San Antonio Spurs,,11.0,0.0,7.1,0.5,1.5,29.4,0.1,0.5,20.0,0.1,0.2,50.0,0.1,0.5,0.6,1.0,0.1,0.3,0.7,0.5,1.1
Derrick White,3078576,76.0,195.0,26,PG,4,3516284.0,Derrick White,3,San Antonio Spurs,,153.0,75.0,23.3,3.5,7.4,46.8,0.9,2.5,36.3,1.9,2.3,81.7,0.5,2.8,3.2,3.4,0.7,0.8,2.0,1.3,9.7
